month	page_namespace	reverts	bot_reverts	bot_reverteds	bot2bot_reverts
20020201	0	1	0	0	0
20020501	0	1	0	0	0
20020901	12	1	0	0	0
20021001	0	12	0	0	0
20021001	4	2	0	0	0
20021001	12	1	0	0	0
20021001	104	1	0	0	0
20021101	0	1	0	0	0
20021101	4	1	0	0	0
20021201	0	4	0	0	0
20021201	4	2	0	0	0
20030101	2	1	0	0	0
20030101	4	3	0	0	0
20030201	0	2	0	0	0
20030201	4	1	0	0	0
20030301	0	3	0	0	0
20030301	4	1	0	0	0
20030301	12	1	0	0	0
20030401	0	3	0	0	0
20030401	4	4	0	0	0
20030501	0	7	0	0	0
20030501	2	1	0	0	0
20030501	4	2	0	0	0
20030601	0	10	0	0	0
20030601	2	1	0	0	0
20030601	4	3	0	0	0
20030701	0	10	0	0	0
20030701	4	8	0	0	0
20030801	0	37	0	0	0
20030801	2	1	0	0	0
20030801	4	16	0	0	0
20030801	5	1	0	0	0
20030801	12	1	0	0	0
20030901	0	32	0	0	0
20030901	2	2	0	0	0
20030901	4	7	0	0	0
20031001	0	36	1	1	0
20031001	2	1	0	0	0
20031001	3	1	0	0	0
20031001	4	16	0	0	0
20031001	5	1	0	0	0
20031001	104	1	0	0	0
20031101	0	71	0	0	0
20031101	1	1	0	0	0
20031101	2	2	0	0	0
20031101	3	4	0	0	0
20031101	4	13	0	0	0
20031101	5	1	0	0	0
20031101	12	4	0	0	0
20031101	104	4	0	0	0
20031201	0	97	2	1	0
20031201	1	2	0	0	0
20031201	2	1	0	0	0
20031201	4	14	0	0	0
20040101	0	79	0	1	0
20040101	2	1	0	0	0
20040101	3	3	0	0	0
20040101	4	14	0	1	0
20040101	12	2	0	0	0
20040101	13	1	0	0	0
20040201	0	121	1	0	0
20040201	1	1	0	0	0
20040201	2	3	0	0	0
20040201	3	2	0	0	0
20040201	4	9	0	0	0
20040201	12	4	0	0	0
20040201	104	3	0	0	0
20040301	0	253	0	2	0
20040301	1	2	0	0	0
20040301	2	2	0	0	0
20040301	3	4	0	0	0
20040301	4	9	0	0	0
20040301	5	1	0	0	0
20040301	10	2	0	0	0
20040301	12	8	0	0	0
20040301	104	1	0	0	0
20040401	0	212	0	0	0
20040401	1	3	0	0	0
20040401	4	23	0	0	0
20040401	10	3	0	0	0
20040401	12	8	0	0	0
20040401	100	1	0	0	0
20040401	102	1	0	0	0
20040401	104	2	0	0	0
20040501	0	195	0	0	0
20040501	1	4	0	0	0
20040501	2	2	0	0	0
20040501	3	1	0	0	0
20040501	4	13	0	0	0
20040501	5	1	0	0	0
20040501	10	2	0	0	0
20040501	12	8	0	0	0
20040501	103	1	0	0	0
20040501	104	2	0	0	0
20040601	0	237	0	0	0
20040601	1	13	0	0	0
20040601	2	6	0	0	0
20040601	3	2	0	0	0
20040601	4	25	0	0	0
20040601	5	2	0	0	0
20040601	10	1	0	0	0
20040601	12	5	0	0	0
20040601	13	1	0	0	0
20040601	14	1	0	0	0
20040601	102	1	0	0	0
20040601	104	3	0	0	0
20040701	0	352	0	0	0
20040701	1	11	0	0	0
20040701	2	2	0	0	0
20040701	3	1	0	0	0
20040701	4	40	0	0	0
20040701	5	2	0	0	0
20040701	10	20	0	0	0
20040701	12	10	0	0	0
20040701	14	5	0	0	0
20040701	100	1	0	0	0
20040701	102	2	0	0	0
20040701	104	3	0	0	0
20040801	0	544	0	0	0
20040801	1	17	0	0	0
20040801	3	3	0	0	0
20040801	4	27	0	0	0
20040801	5	1	0	0	0
20040801	12	10	0	0	0
20040801	14	1	0	0	0
20040801	100	3	0	0	0
20040801	102	2	0	0	0
20040801	104	5	0	0	0
20040901	0	818	1	0	0
20040901	1	22	0	0	0
20040901	2	4	0	0	0
20040901	3	6	0	0	0
20040901	4	43	0	0	0
20040901	5	11	0	0	0
20040901	10	4	0	0	0
20040901	12	20	0	0	0
20040901	13	1	0	0	0
20040901	14	18	0	0	0
20040901	15	1	0	0	0
20040901	100	5	0	0	0
20040901	104	14	0	0	0
20041001	0	1045	0	13	0
20041001	1	43	0	0	0
20041001	2	19	0	0	0
20041001	3	8	0	0	0
20041001	4	57	0	0	0
20041001	5	3	0	0	0
20041001	10	6	0	0	0
20041001	12	19	0	0	0
20041001	14	14	0	0	0
20041001	15	1	0	0	0
20041001	100	5	0	0	0
20041001	104	13	0	0	0
20041101	0	1380	0	1	0
20041101	1	50	0	0	0
20041101	2	5	0	0	0
20041101	3	15	0	0	0
20041101	4	56	0	0	0
20041101	5	15	0	0	0
20041101	10	5	0	0	0
20041101	12	38	0	0	0
20041101	13	4	0	0	0
20041101	14	21	0	0	0
20041101	100	2	0	0	0
20041101	102	1	0	0	0
20041101	104	14	0	0	0
20041201	0	1111	0	3	0
20041201	1	47	0	0	0
20041201	2	8	0	0	0
20041201	3	14	0	0	0
20041201	4	71	0	0	0
20041201	5	13	0	0	0
20041201	10	4	0	0	0
20041201	12	10	0	0	0
20041201	14	19	0	0	0
20041201	102	1	0	0	0
20041201	104	5	0	0	0
20050101	0	1218	0	0	0
20050101	1	47	0	0	0
20050101	2	14	0	0	0
20050101	3	10	0	0	0
20050101	4	58	0	0	0
20050101	5	10	0	0	0
20050101	9	1	0	0	0
20050101	10	6	0	0	0
20050101	12	26	0	0	0
20050101	13	2	0	0	0
20050101	14	14	0	0	0
20050101	15	1	0	0	0
20050101	100	3	0	0	0
20050101	101	1	0	0	0
20050101	102	1	0	0	0
20050101	103	1	0	0	0
20050101	104	19	0	0	0
20050201	0	1057	0	1	0
20050201	1	25	0	0	0
20050201	2	10	0	0	0
20050201	3	20	0	0	0
20050201	4	32	0	0	0
20050201	5	4	0	0	0
20050201	9	1	0	0	0
20050201	10	5	0	0	0
20050201	12	20	0	0	0
20050201	13	1	0	0	0
20050201	14	15	0	0	0
20050201	100	5	0	0	0
20050201	101	2	0	0	0
20050201	102	2	0	0	0
20050201	104	10	0	0	0
20050301	0	1536	0	1	0
20050301	1	51	0	0	0
20050301	2	15	0	0	0
20050301	3	37	0	0	0
20050301	4	56	0	0	0
20050301	5	13	0	0	0
20050301	10	10	0	0	0
20050301	12	28	0	0	0
20050301	13	3	0	0	0
20050301	14	47	0	0	0
20050301	100	11	0	0	0
20050301	101	2	0	0	0
20050301	102	2	0	0	0
20050301	104	15	0	0	0
20050301	105	1	0	0	0
20050401	0	2245	1	2	0
20050401	1	117	0	0	0
20050401	2	10	0	0	0
20050401	3	15	0	0	0
20050401	4	58	0	0	0
20050401	5	15	0	0	0
20050401	10	23	0	0	0
20050401	12	27	0	0	0
20050401	14	32	0	0	0
20050401	15	1	0	0	0
20050401	100	12	0	0	0
20050401	101	1	0	0	0
20050401	104	22	0	0	0
20050501	0	2365	15	8	0
20050501	1	112	0	0	0
20050501	2	80	0	1	0
20050501	3	29	0	0	0
20050501	4	74	0	0	0
20050501	5	11	0	0	0
20050501	10	33	0	0	0
20050501	12	28	0	0	0
20050501	14	25	0	0	0
20050501	100	12	0	0	0
20050501	101	1	0	0	0
20050501	102	4	0	0	0
20050501	103	2	0	0	0
20050501	104	20	0	0	0
20050601	0	2817	28	30	12
20050601	1	85	0	0	0
20050601	2	30	0	0	0
20050601	3	24	0	0	0
20050601	4	61	0	0	0
20050601	5	24	0	0	0
20050601	8	2	0	0	0
20050601	9	1	0	0	0
20050601	10	12	0	0	0
20050601	12	25	0	0	0
20050601	13	3	0	0	0
20050601	14	48	0	0	0
20050601	15	1	0	0	0
20050601	100	18	0	0	0
20050601	104	28	0	0	0
20050701	0	3228	72	105	50
20050701	1	76	0	0	0
20050701	2	101	0	2	0
20050701	3	36	0	0	0
20050701	4	94	1	4	0
20050701	5	24	0	0	0
20050701	8	3	0	0	0
20050701	10	47	0	0	0
20050701	11	2	0	0	0
20050701	12	38	0	1	0
20050701	14	55	1	0	0
20050701	100	10	0	0	0
20050701	101	3	0	0	0
20050701	102	6	0	0	0
20050701	104	51	0	21	0
20050801	0	5588	351	1746	261
20050801	1	119	0	0	0
20050801	2	50	0	0	0
20050801	3	47	0	0	0
20050801	4	121	0	1	0
20050801	5	17	0	0	0
20050801	8	1	0	0	0
20050801	10	36	0	0	0
20050801	11	1	0	0	0
20050801	12	54	0	0	0
20050801	13	1	0	0	0
20050801	14	67	16	3	2
20050801	100	19	0	1	0
20050801	101	2	0	0	0
20050801	102	7	0	0	0
20050801	104	100	4	51	1
20050901	0	4242	66	195	35
20050901	1	124	0	0	0
20050901	2	59	0	0	0
20050901	3	63	0	0	0
20050901	4	171	5	10	0
20050901	5	25	0	0	0
20050901	8	1	0	0	0
20050901	9	1	0	0	0
20050901	10	31	0	1	0
20050901	12	45	0	0	0
20050901	13	1	0	0	0
20050901	14	44	0	3	0
20050901	15	1	0	0	0
20050901	100	27	0	0	0
20050901	101	2	0	0	0
20050901	102	3	0	0	0
20050901	104	37	1	4	1
20050901	105	1	0	0	0
20051001	0	5559	64	272	31
20051001	1	130	0	0	0
20051001	2	61	2	5	0
20051001	3	32	0	1	0
20051001	4	123	1	3	0
20051001	5	50	0	0	0
20051001	10	46	0	2	0
20051001	12	56	0	0	0
20051001	13	1	0	0	0
20051001	14	38	1	0	0
20051001	100	27	0	0	0
20051001	102	9	0	2	0
20051001	103	2	0	0	0
20051001	104	71	0	22	0
20051101	0	5959	78	204	53
20051101	1	209	0	0	0
20051101	2	72	7	16	0
20051101	3	30	0	0	0
20051101	4	120	0	3	0
20051101	5	33	0	0	0
20051101	8	1	0	0	0
20051101	10	33	0	0	0
20051101	12	72	0	0	0
20051101	13	1	0	0	0
20051101	14	83	15	18	11
20051101	15	1	0	0	0
20051101	100	28	0	1	0
20051101	102	10	0	0	0
20051101	104	65	0	3	0
20051101	105	2	0	0	0
20051201	0	6610	102	236	50
20051201	1	207	0	0	0
20051201	2	306	0	5	0
20051201	3	108	0	1	0
20051201	4	156	1	3	0
20051201	5	40	0	0	0
20051201	8	1	0	0	0
20051201	10	28	1	1	0
20051201	12	95	0	0	0
20051201	13	2	0	0	0
20051201	14	130	20	24	19
20051201	15	1	0	0	0
20051201	100	47	0	2	0
20051201	102	20	0	0	0
20051201	103	1	0	0	0
20051201	104	70	2	7	0
20060101	0	7560	106	248	46
20060101	1	457	0	1	0
20060101	2	176	0	1	0
20060101	3	138	0	0	0
20060101	4	189	0	1	0
20060101	5	25	0	1	0
20060101	8	9	0	6	0
20060101	10	20	0	0	0
20060101	12	91	0	0	0
20060101	13	1	0	0	0
20060101	14	95	3	10	3
20060101	100	63	0	1	0
20060101	101	2	0	0	0
20060101	102	14	0	0	0
20060101	104	86	1	4	1
20060101	105	10	0	0	0
20060201	0	7994	59	285	20
20060201	1	591	0	0	0
20060201	2	138	1	7	0
20060201	3	118	1	5	0
20060201	4	166	1	11	0
20060201	5	27	0	0	0
20060201	10	48	0	0	0
20060201	11	1	0	1	0
20060201	12	73	0	0	0
20060201	14	89	20	19	19
20060201	15	3	0	0	0
20060201	100	74	0	0	0
20060201	101	6	0	1	0
20060201	102	22	0	4	0
20060201	104	74	1	5	0
20060201	105	1	0	0	0
20060301	0	9461	80	264	36
20060301	1	327	0	1	0
20060301	2	149	0	1	0
20060301	3	216	1	1	0
20060301	4	243	0	0	0
20060301	5	33	0	0	0
20060301	10	61	0	2	0
20060301	11	1	0	0	0
20060301	12	166	0	1	0
20060301	13	2	0	0	0
20060301	14	103	13	9	5
20060301	15	3	0	0	0
20060301	100	59	0	0	0
20060301	101	3	0	0	0
20060301	102	17	0	1	0
20060301	103	4	0	0	0
20060301	104	101	2	15	0
20060301	105	1	0	1	0
20060401	0	10517	107	459	36
20060401	1	331	0	0	0
20060401	2	151	0	1	0
20060401	3	140	1	1	0
20060401	4	536	318	10	1
20060401	5	35	0	0	0
20060401	8	1	0	0	0
20060401	10	65	0	1	0
20060401	12	194	0	0	0
20060401	13	2	0	0	0
20060401	14	103	8	5	1
20060401	15	1	0	0	0
20060401	100	40	0	1	0
20060401	101	4	0	0	0
20060401	102	21	0	5	0
20060401	104	91	2	15	1
20060401	105	6	0	0	0
20060501	0	14621	55	288	25
20060501	1	571	0	5	0
20060501	2	256	2	15	0
20060501	3	207	0	1	0
20060501	4	681	374	6	0
20060501	5	41	0	1	0
20060501	8	6	0	0	0
20060501	10	50	0	0	0
20060501	12	215	0	0	0
20060501	13	11	0	0	0
20060501	14	123	0	1	0
20060501	100	71	0	0	0
20060501	101	1	0	0	0
20060501	102	25	0	3	0
20060501	103	6	0	1	0
20060501	104	111	0	2	0
20060501	105	6	0	0	0
20060601	0	14783	1051	374	74
20060601	1	450	0	0	0
20060601	2	208	1	5	0
20060601	3	231	0	1	0
20060601	4	599	330	4	0
20060601	5	24	0	0	0
20060601	8	18	0	0	0
20060601	10	84	0	0	0
20060601	12	172	0	1	0
20060601	13	1	0	0	0
20060601	14	120	3	18	1
20060601	15	2	0	0	0
20060601	100	35	0	0	0
20060601	101	3	0	0	0
20060601	102	36	0	1	0
20060601	103	6	0	0	0
20060601	104	129	6	6	2
20060601	105	2	0	0	0
20060701	0	12545	294	319	97
20060701	1	451	0	0	0
20060701	2	200	2	7	1
20060701	3	205	0	0	0
20060701	4	603	314	4	0
20060701	5	48	0	0	0
20060701	8	11	0	0	0
20060701	10	53	0	0	0
20060701	12	133	0	0	0
20060701	13	4	0	0	0
20060701	14	88	5	4	4
20060701	15	3	0	0	0
20060701	100	56	0	0	0
20060701	101	1	0	0	0
20060701	102	19	1	2	0
20060701	103	3	0	0	0
20060701	104	130	3	7	0
20060701	105	4	0	0	0
20060801	0	14641	250	329	138
20060801	1	575	1	1	0
20060801	2	210	1	4	0
20060801	3	182	1	1	0
20060801	4	460	152	13	3
20060801	5	27	0	0	0
20060801	8	9	0	0	0
20060801	10	44	0	0	0
20060801	11	1	0	0	0
20060801	12	139	1	0	0
20060801	13	6	0	0	0
20060801	14	141	31	25	21
20060801	15	3	0	0	0
20060801	100	54	0	0	0
20060801	101	4	0	0	0
20060801	102	19	0	1	0
20060801	104	156	1	6	1
20060801	105	2	0	0	0
20060901	0	16577	199	328	63
20060901	1	595	0	15	0
20060901	2	159	1	6	0
20060901	3	198	1	2	0
20060901	4	640	298	4	0
20060901	5	34	0	0	0
20060901	8	2	0	0	0
20060901	10	40	0	0	0
20060901	12	119	0	1	0
20060901	13	4	0	0	0
20060901	14	115	8	13	5
20060901	15	1	0	0	0
20060901	100	48	0	0	0
20060901	101	3	0	0	0
20060901	102	28	0	3	0
20060901	104	136	0	7	0
20060901	105	1	0	0	0
20061001	0	19443	135	224	62
20061001	1	661	0	1	0
20061001	2	227	3	38	0
20061001	3	279	0	0	0
20061001	4	652	339	4	0
20061001	5	29	0	0	0
20061001	10	54	0	0	0
20061001	12	101	0	0	0
20061001	13	1	0	0	0
20061001	14	173	2	3	2
20061001	15	3	0	0	0
20061001	100	39	0	0	0
20061001	101	4	0	0	0
20061001	102	23	0	0	0
20061001	103	2	0	0	0
20061001	104	198	0	7	0
20061001	105	1	0	0	0
20061101	0	21298	221	509	119
20061101	1	716	0	0	0
20061101	2	188	0	5	0
20061101	3	266	0	0	0
20061101	4	415	125	3	0
20061101	5	42	0	0	0
20061101	8	2	0	0	0
20061101	10	74	11	10	0
20061101	11	1	0	0	0
20061101	12	101	0	0	0
20061101	13	5	0	0	0
20061101	14	160	0	2	0
20061101	15	3	0	0	0
20061101	100	50	0	1	0
20061101	101	7	0	0	0
20061101	102	28	0	0	0
20061101	103	3	0	0	0
20061101	104	167	1	11	0
20061101	105	1	0	0	0
20061201	0	14395	183	421	80
20061201	1	517	0	3	0
20061201	2	135	0	6	0
20061201	3	237	1	2	0
20061201	4	429	152	2	0
20061201	5	46	0	0	0
20061201	8	3	0	0	0
20061201	10	45	0	0	0
20061201	12	45	0	0	0
20061201	13	3	0	0	0
20061201	14	91	7	7	4
20061201	15	1	0	0	0
20061201	100	36	0	1	0
20061201	101	3	0	0	0
20061201	102	24	1	3	0
20061201	103	2	0	0	0
20061201	104	136	2	10	1
20061201	105	1	0	0	0
20070101	0	17791	640	590	239
20070101	1	613	0	0	0
20070101	2	157	3	0	0
20070101	3	253	1	1	0
20070101	4	349	6	1	0
20070101	5	49	0	0	0
20070101	8	1	0	0	0
20070101	10	59	0	0	0
20070101	11	1	0	0	0
20070101	12	44	0	1	0
20070101	13	1	0	0	0
20070101	14	105	6	2	1
20070101	15	5	0	0	0
20070101	100	27	0	2	0
20070101	101	5	0	0	0
20070101	102	33	0	1	0
20070101	103	3	0	0	0
20070101	104	208	5	10	1
20070101	105	4	0	0	0
20070201	0	21364	365	349	101
20070201	1	903	4	6	0
20070201	2	306	4	15	0
20070201	3	320	0	0	0
20070201	4	540	235	2	0
20070201	5	63	0	1	0
20070201	10	55	0	3	0
20070201	11	1	0	0	0
20070201	12	41	0	0	0
20070201	13	2	0	0	0
20070201	14	181	4	4	1
20070201	15	5	0	0	0
20070201	100	40	0	1	0
20070201	101	10	0	0	0
20070201	102	29	1	0	0
20070201	103	2	0	0	0
20070201	104	211	2	6	0
20070201	105	5	0	0	0
20070301	0	31235	2437	453	148
20070301	1	1144	1	2	0
20070301	2	332	57	14	0
20070301	3	346	2	1	0
20070301	4	936	456	10	0
20070301	5	82	0	1	0
20070301	8	3	0	0	0
20070301	10	72	0	0	0
20070301	11	2	0	0	0
20070301	12	69	2	0	0
20070301	13	6	0	0	0
20070301	14	226	28	23	23
20070301	15	6	0	0	0
20070301	100	44	0	0	0
20070301	101	14	0	0	0
20070301	102	62	0	1	0
20070301	103	5	0	0	0
20070301	104	371	19	8	0
20070301	105	8	0	0	0
20070401	0	30319	3862	448	106
20070401	1	1125	0	5	0
20070401	2	263	76	22	0
20070401	3	360	0	5	0
20070401	4	920	478	3	0
20070401	5	109	0	0	0
20070401	8	7	0	0	0
20070401	10	66	0	0	0
20070401	12	61	5	0	0
20070401	13	5	0	0	0
20070401	14	178	4	6	1
20070401	15	4	0	0	0
20070401	100	42	0	0	0
20070401	101	7	0	0	0
20070401	102	46	2	2	1
20070401	103	7	0	0	0
20070401	104	401	24	7	2
20070401	105	1	0	0	0
20070501	0	36880	5075	890	146
20070501	1	1311	0	20	0
20070501	2	328	132	25	0
20070501	3	506	0	7	0
20070501	4	1106	668	7	0
20070501	5	103	0	0	0
20070501	8	2	0	0	0
20070501	10	76	0	1	0
20070501	11	1	0	0	0
20070501	12	44	1	0	0
20070501	13	10	0	0	0
20070501	14	323	11	4	0
20070501	15	4	0	0	0
20070501	100	51	0	0	0
20070501	101	16	0	0	0
20070501	102	61	0	0	0
20070501	103	6	0	0	0
20070501	104	1131	50	688	8
20070501	105	15	0	0	0
20070601	0	31635	3714	600	86
20070601	1	1090	0	0	0
20070601	2	450	168	29	0
20070601	3	614	1	11	0
20070601	4	1099	654	2	0
20070601	5	83	0	0	0
20070601	10	73	2	3	1
20070601	11	3	0	0	0
20070601	12	44	3	2	0
20070601	13	9	0	0	0
20070601	14	193	12	7	6
20070601	15	3	0	0	0
20070601	100	37	0	0	0
20070601	101	6	0	0	0
20070601	102	38	0	0	0
20070601	103	9	0	0	0
20070601	104	1108	70	666	1
20070601	105	3	0	0	0
20070701	0	26004	2413	543	163
20070701	1	890	1	4	0
20070701	2	396	100	52	1
20070701	3	483	0	5	0
20070701	4	1128	691	7	0
20070701	5	57	0	0	0
20070701	8	1	0	0	0
20070701	10	53	0	0	0
20070701	12	30	2	0	0
20070701	13	5	0	0	0
20070701	14	241	2	3	0
20070701	15	2	0	0	0
20070701	100	47	0	0	0
20070701	101	2	0	0	0
20070701	102	73	0	0	0
20070701	103	4	0	1	0
20070701	104	437	24	20	1
20070701	105	19	0	0	0
20070801	0	37290	3457	510	82
20070801	1	1228	0	2	0
20070801	2	324	73	21	0
20070801	3	414	0	6	0
20070801	4	1118	661	9	0
20070801	5	71	0	0	0
20070801	8	4	0	0	0
20070801	10	67	0	0	0
20070801	11	5	0	1	0
20070801	12	47	2	1	0
20070801	13	10	0	0	0
20070801	14	202	0	0	0
20070801	15	1	0	0	0
20070801	100	50	1	0	0
20070801	101	12	0	0	0
20070801	102	47	0	0	0
20070801	103	9	0	0	0
20070801	104	436	33	8	0
20070801	105	6	0	0	0
20070901	0	45045	5094	932	185
20070901	1	1598	1	17	0
20070901	2	411	79	28	2
20070901	3	673	3	82	0
20070901	4	1183	694	40	1
20070901	5	88	0	2	0
20070901	8	2	0	0	0
20070901	10	71	0	0	0
20070901	12	25	2	0	0
20070901	13	8	0	0	0
20070901	14	248	4	2	1
20070901	15	2	0	1	0
20070901	100	43	0	0	0
20070901	101	14	0	0	0
20070901	102	41	0	0	0
20070901	103	7	0	1	0
20070901	104	565	53	18	2
20070901	105	4	0	0	0
20071001	0	54970	3457	705	165
20071001	1	1902	0	5	0
20071001	2	550	59	103	1
20071001	3	797	1	74	0
20071001	4	871	225	8	0
20071001	5	104	0	0	0
20071001	8	1	0	0	0
20071001	10	100	0	2	0
20071001	11	2	0	0	0
20071001	12	66	2	0	0
20071001	13	7	0	0	0
20071001	14	301	11	8	5
20071001	15	6	0	0	0
20071001	100	82	0	3	0
20071001	101	8	0	0	0
20071001	102	87	0	28	0
20071001	103	19	0	0	0
20071001	104	642	33	6	0
20071001	105	21	0	0	0
20071101	0	47135	4215	565	107
20071101	1	1264	0	1	0
20071101	2	347	62	25	0
20071101	3	657	2	5	0
20071101	4	1256	683	34	0
20071101	5	95	0	0	0
20071101	9	1	0	0	0
20071101	10	100	0	1	0
20071101	11	2	0	0	0
20071101	12	74	6	0	0
20071101	13	6	0	0	0
20071101	14	624	412	392	391
20071101	15	10	0	0	0
20071101	100	58	0	0	0
20071101	101	2	0	0	0
20071101	102	65	1	2	0
20071101	103	16	0	0	0
20071101	104	665	39	11	0
20071101	105	7	0	0	0
20071201	0	34373	2369	788	161
20071201	1	942	1	1	0
20071201	2	418	45	87	0
20071201	3	586	1	9	0
20071201	4	1354	640	112	0
20071201	5	106	0	0	0
20071201	8	3	0	0	0
20071201	9	1	0	0	0
20071201	10	102	1	2	0
20071201	11	2	0	0	0
20071201	12	48	1	0	0
20071201	13	5	0	0	0
20071201	14	191	65	59	59
20071201	15	2	0	0	0
20071201	100	42	0	0	0
20071201	101	10	0	0	0
20071201	102	112	1	40	0
20071201	103	8	0	0	0
20071201	104	602	26	28	2
20071201	105	10	0	0	0
20080101	0	42339	3190	619	140
20080101	1	1518	0	1	0
20080101	2	424	66	56	1
20080101	3	869	6	12	1
20080101	4	1548	711	18	2
20080101	5	56	0	0	0
20080101	8	4	0	0	0
20080101	9	1	0	0	0
20080101	10	162	0	62	0
20080101	11	1	0	0	0
20080101	12	33	3	0	0
20080101	13	10	0	0	0
20080101	14	201	25	22	21
20080101	15	7	0	0	0
20080101	100	41	0	0	0
20080101	101	14	0	0	0
20080101	102	76	0	2	0
20080101	103	6	0	0	0
20080101	104	656	40	23	0
20080101	105	17	0	0	0
20080201	0	44736	3682	534	164
20080201	1	1477	32	41	0
20080201	2	342	60	47	0
20080201	3	766	1	3	0
20080201	4	1323	730	12	0
20080201	5	34	0	1	0
20080201	8	4	0	0	0
20080201	9	1	0	0	0
20080201	10	90	1	4	1
20080201	11	1	0	0	0
20080201	12	44	7	0	0
20080201	13	6	0	0	0
20080201	14	259	29	17	11
20080201	15	7	0	0	0
20080201	100	65	9	0	0
20080201	101	10	1	0	0
20080201	102	79	0	0	0
20080201	103	9	0	0	0
20080201	104	701	34	8	0
20080201	105	18	0	0	0
20080301	0	46667	4352	714	257
20080301	1	1500	4	21	0
20080301	2	314	21	40	0
20080301	3	682	4	9	0
20080301	4	1393	803	43	4
20080301	5	37	0	1	0
20080301	8	4	0	0	0
20080301	9	1	0	0	0
20080301	10	159	15	17	4
20080301	11	6	0	0	0
20080301	12	41	3	0	0
20080301	13	14	0	0	0
20080301	14	249	38	24	20
20080301	15	2	0	0	0
20080301	100	59	3	1	0
20080301	101	8	0	1	0
20080301	102	65	1	0	0
20080301	103	10	0	0	0
20080301	104	750	58	7	0
20080301	105	17	0	2	0
20080401	0	55587	5368	663	200
20080401	1	1600	1	14	0
20080401	2	320	30	19	0
20080401	3	844	5	22	0
20080401	4	1454	764	92	37
20080401	5	43	0	0	0
20080401	8	3	0	0	0
20080401	10	121	0	7	0
20080401	11	7	0	0	0
20080401	12	72	11	0	0
20080401	13	6	0	0	0
20080401	14	234	24	12	10
20080401	15	9	1	1	0
20080401	100	42	5	2	0
20080401	101	16	0	0	0
20080401	102	59	3	0	0
20080401	103	12	0	0	0
20080401	104	893	67	12	0
20080401	105	10	0	0	0
20080501	0	50592	11060	1034	275
20080501	1	1504	1	1	0
20080501	2	498	63	57	1
20080501	3	854	0	14	0
20080501	4	1371	705	35	16
20080501	5	41	0	0	0
20080501	8	3	0	0	0
20080501	10	280	171	185	171
20080501	11	1	0	0	0
20080501	12	75	16	1	0
20080501	13	9	0	0	0
20080501	14	179	38	20	19
20080501	15	2	0	0	0
20080501	100	46	6	0	0
20080501	101	7	0	0	0
20080501	102	58	6	0	0
20080501	103	12	0	0	0
20080501	104	775	146	18	2
20080501	105	11	0	0	0
20080601	0	36155	6700	835	302
20080601	1	1023	0	1	0
20080601	2	357	54	19	0
20080601	3	719	0	6	0
20080601	4	1127	505	37	17
20080601	5	33	0	1	0
20080601	9	18	0	0	0
20080601	10	127	0	35	0
20080601	11	2	0	0	0
20080601	12	29	8	0	0
20080601	13	15	0	0	0
20080601	14	468	269	252	246
20080601	15	2	0	0	0
20080601	100	36	7	1	0
20080601	101	6	0	0	0
20080601	102	74	2	0	0
20080601	103	5	0	0	0
20080601	104	612	75	10	1
20080601	105	21	0	0	0
20080701	0	30913	4702	578	216
20080701	1	974	0	0	0
20080701	2	284	38	14	0
20080701	3	796	1	7	0
20080701	4	663	22	12	0
20080701	5	24	0	0	0
20080701	8	4	0	0	0
20080701	9	1	0	0	0
20080701	10	103	0	1	0
20080701	11	6	0	0	0
20080701	12	25	5	0	0
20080701	13	5	0	0	0
20080701	14	263	87	47	42
20080701	15	6	0	0	0
20080701	100	39	5	0	0
20080701	101	7	0	0	0
20080701	102	75	3	1	0
20080701	103	11	0	1	0
20080701	104	598	79	18	3
20080701	105	17	0	0	0
20080801	0	37619	4920	766	257
20080801	1	1364	0	0	0
20080801	2	229	27	8	0
20080801	3	621	1	4	0
20080801	4	665	106	35	12
20080801	5	31	0	0	0
20080801	8	1	0	0	0
20080801	9	2	0	0	0
20080801	10	149	2	5	0
20080801	11	2	0	0	0
20080801	12	20	4	0	0
20080801	13	8	0	0	0
20080801	14	239	36	24	22
20080801	15	2	0	0	0
20080801	100	27	4	0	0
20080801	101	4	0	0	0
20080801	102	88	2	2	0
20080801	103	13	0	1	0
20080801	104	853	74	15	5
20080801	105	13	0	0	0
20080901	0	39918	7507	789	255
20080901	1	1221	0	2	0
20080901	2	247	29	15	0
20080901	3	552	1	13	0
20080901	4	973	240	64	21
20080901	5	41	0	1	0
20080901	8	4	0	0	0
20080901	9	1	0	0	0
20080901	10	133	8	4	0
20080901	11	2	0	0	0
20080901	12	24	7	0	0
20080901	13	3	0	0	0
20080901	14	288	24	66	3
20080901	15	3	0	0	0
20080901	100	58	7	0	0
20080901	101	2	1	0	0
20080901	102	68	4	5	0
20080901	103	12	0	0	0
20080901	104	678	99	11	2
20080901	105	8	0	0	0
20081001	0	45549	7307	921	386
20081001	1	1248	0	1	0
20081001	2	288	40	8	0
20081001	3	503	1	12	0
20081001	4	1043	464	30	7
20081001	5	53	0	0	0
20081001	8	1	0	0	0
20081001	10	172	3	9	0
20081001	11	4	0	0	0
20081001	12	29	3	0	0
20081001	13	8	0	0	0
20081001	14	228	41	26	23
20081001	15	3	0	0	0
20081001	100	36	5	1	0
20081001	101	5	0	0	0
20081001	102	59	3	5	0
20081001	103	8	0	1	0
20081001	104	589	66	15	1
20081001	105	10	0	0	0
20081101	0	41146	7155	984	377
20081101	1	905	0	2	0
20081101	2	224	29	16	0
20081101	3	486	0	1	0
20081101	4	692	283	17	4
20081101	5	22	0	0	0
20081101	8	3	0	0	0
20081101	9	4	0	0	0
20081101	10	145	6	7	0
20081101	11	9	0	0	0
20081101	12	15	3	0	0
20081101	13	10	0	0	0
20081101	14	162	23	16	12
20081101	15	3	0	0	0
20081101	100	24	3	0	0
20081101	101	8	0	0	0
20081101	102	47	5	1	1
20081101	103	6	0	0	0
20081101	104	681	84	41	9
20081101	105	15	0	0	0
20081201	0	30601	5304	775	283
20081201	1	711	1	2	0
20081201	2	258	50	29	0
20081201	3	542	0	8	0
20081201	4	669	289	21	5
20081201	5	14	0	0	0
20081201	9	5	0	0	0
20081201	10	360	186	190	178
20081201	11	3	0	0	0
20081201	12	8	2	0	0
20081201	13	5	0	0	0
20081201	14	233	36	31	23
20081201	15	1	0	0	0
20081201	100	23	0	4	0
20081201	101	5	0	0	0
20081201	102	44	2	0	0
20081201	103	6	0	0	0
20081201	104	662	71	35	2
20081201	105	6	0	0	0
20090101	0	34446	5158	944	229
20090101	1	1134	8	0	0
20090101	2	226	44	37	0
20090101	3	572	0	3	0
20090101	4	1287	553	36	11
20090101	5	49	0	0	0
20090101	9	2	0	0	0
20090101	10	150	4	10	0
20090101	11	1	0	0	0
20090101	12	13	1	0	0
20090101	13	7	0	0	0
20090101	14	224	25	28	14
20090101	15	2	0	0	0
20090101	100	27	4	0	0
20090101	101	6	0	0	0
20090101	102	60	3	2	0
20090101	103	28	0	0	0
20090101	104	749	68	22	6
20090101	105	14	0	0	0
20090201	0	42500	8769	945	285
20090201	1	1402	9	158	0
20090201	2	273	63	32	0
20090201	3	687	0	15	0
20090201	4	1312	641	30	2
20090201	5	34	0	0	0
20090201	8	1	0	0	0
20090201	9	1	0	0	0
20090201	10	152	9	10	0
20090201	11	17	0	11	0
20090201	12	26	4	0	0
20090201	13	14	0	0	0
20090201	14	169	34	14	8
20090201	15	13	0	10	0
20090201	100	28	2	0	0
20090201	101	8	0	1	0
20090201	102	51	6	1	0
20090201	103	6	0	1	0
20090201	104	715	106	33	3
20090201	105	11	0	3	0
20090301	0	63164	11251	802	242
20090301	1	1880	0	1	0
20090301	2	283	43	37	0
20090301	3	615	1	18	1
20090301	4	1559	905	28	3
20090301	5	56	0	0	0
20090301	8	1	0	0	0
20090301	9	3	0	0	0
20090301	10	163	9	14	0
20090301	12	24	7	0	0
20090301	13	10	0	0	0
20090301	14	453	155	147	115
20090301	15	3	0	0	0
20090301	100	46	10	0	0
20090301	101	11	0	0	0
20090301	102	62	11	2	0
20090301	103	13	0	0	0
20090301	104	946	126	23	1
20090301	105	16	0	0	0
20090401	0	54472	10515	668	194
20090401	1	1661	0	0	0
20090401	2	270	52	23	0
20090401	3	557	0	8	0
20090401	4	1746	1245	30	8
20090401	5	30	0	0	0
20090401	8	1	0	0	0
20090401	9	1	0	0	0
20090401	10	165	8	2	0
20090401	11	1	0	0	0
20090401	12	15	4	0	0
20090401	13	7	0	0	0
20090401	14	271	110	79	72
20090401	15	5	0	0	0
20090401	100	38	8	3	0
20090401	101	9	0	0	0
20090401	102	60	7	1	0
20090401	103	7	0	0	0
20090401	104	892	117	12	3
20090401	105	15	0	0	0
20090501	0	67326	12692	1218	391
20090501	1	1980	0	2	0
20090501	2	259	53	23	1
20090501	3	621	0	20	0
20090501	4	2302	1696	56	6
20090501	5	33	0	0	0
20090501	8	1	0	0	0
20090501	9	2	0	0	0
20090501	10	132	6	12	0
20090501	11	5	0	0	0
20090501	12	23	7	1	0
20090501	13	9	0	0	0
20090501	14	296	96	57	41
20090501	15	3	0	0	0
20090501	100	41	4	0	0
20090501	101	7	0	0	0
20090501	102	53	4	2	0
20090501	103	12	0	1	0
20090501	104	1101	167	27	2
20090501	105	18	0	0	0
20090601	0	56277	11788	1053	336
20090601	1	1630	0	1	0
20090601	2	245	47	13	0
20090601	3	579	0	10	0
20090601	4	2119	1547	37	8
20090601	5	35	0	0	0
20090601	8	1	0	0	0
20090601	9	2	0	0	0
20090601	10	157	13	28	0
20090601	12	27	3	0	0
20090601	13	12	0	0	0
20090601	14	275	113	20	12
20090601	15	4	0	0	0
20090601	100	53	13	1	0
20090601	101	8	0	0	0
20090601	102	74	7	4	0
20090601	103	4	0	0	0
20090601	104	888	142	24	1
20090601	105	16	0	0	0
20090701	0	50552	7879	676	267
20090701	1	1553	0	0	0
20090701	2	250	43	19	1
20090701	3	833	0	11	0
20090701	4	1937	1456	21	0
20090701	5	26	0	0	0
20090701	9	2	0	0	0
20090701	10	147	5	1	0
20090701	11	4	0	0	0
20090701	12	14	1	0	0
20090701	13	14	0	0	0
20090701	14	222	42	28	17
20090701	15	6	0	0	0
20090701	100	60	8	2	0
20090701	101	7	0	0	0
20090701	102	51	6	0	0
20090701	103	4	0	0	0
20090701	104	1237	166	16	7
20090701	105	24	0	0	0
20090801	0	57571	9861	852	502
20090801	1	1568	0	0	0
20090801	2	237	53	11	4
20090801	3	712	2	5	0
20090801	4	2103	1527	27	0
20090801	5	26	0	0	0
20090801	9	1	0	0	0
20090801	10	115	3	8	0
20090801	12	27	3	0	0
20090801	13	4	0	0	0
20090801	14	304	62	38	33
20090801	15	2	0	0	0
20090801	100	40	7	2	0
20090801	101	3	0	0	0
20090801	102	48	4	0	0
20090801	103	21	0	0	0
20090801	104	1121	167	13	6
20090801	105	9	0	1	0
20090901	0	61908	6048	663	263
20090901	1	1843	0	4	0
20090901	2	284	49	30	1
20090901	3	956	0	6	0
20090901	4	2221	1609	32	0
20090901	5	59	0	0	0
20090901	8	2	0	0	0
20090901	9	3	0	0	0
20090901	10	112	4	7	0
20090901	11	4	0	1	0
20090901	12	29	2	1	0
20090901	13	14	0	0	0
20090901	14	351	22	47	12
20090901	15	5	0	0	0
20090901	100	38	4	1	0
20090901	101	6	0	0	0
20090901	102	54	3	2	0
20090901	103	9	0	0	0
20090901	104	974	66	8	2
20090901	105	24	0	0	0
20091001	0	69539	16255	860	243
20091001	1	2071	0	0	0
20091001	2	419	74	46	4
20091001	3	955	0	7	0
20091001	4	2104	1439	21	0
20091001	5	39	0	0	0
20091001	10	93	7	4	0
20091001	11	4	0	0	0
20091001	12	34	7	0	0
20091001	13	10	0	0	0
20091001	14	335	95	42	32
20091001	15	2	0	0	0
20091001	100	55	14	0	0
20091001	101	8	0	0	0
20091001	102	43	4	0	0
20091001	103	11	0	1	0
20091001	104	1023	157	17	2
20091001	105	29	0	0	0
20091101	0	65349	14362	722	222
20091101	1	1675	0	2	0
20091101	2	367	68	11	1
20091101	3	945	1	14	0
20091101	4	968	66	12	1
20091101	5	38	0	0	0
20091101	8	1	0	0	0
20091101	9	1	0	0	0
20091101	10	106	7	5	0
20091101	11	3	0	0	0
20091101	12	23	5	0	0
20091101	13	16	0	0	0
20091101	14	271	84	50	43
20091101	15	2	0	0	0
20091101	100	38	9	0	0
20091101	101	5	0	0	0
20091101	102	33	1	1	0
20091101	103	4	0	0	0
20091101	104	1167	183	30	1
20091101	105	21	0	0	0
20091201	0	45612	8200	906	241
20091201	1	1041	0	0	0
20091201	2	214	48	23	1
20091201	3	945	0	10	0
20091201	4	901	56	16	1
20091201	5	23	0	0	0
20091201	9	1	0	0	0
20091201	10	82	8	8	1
20091201	11	7	0	0	0
20091201	12	18	3	0	0
20091201	13	6	0	0	0
20091201	14	200	70	61	48
20091201	15	1	0	0	0
20091201	100	41	7	0	0
20091201	101	6	0	0	0
20091201	102	29	3	0	0
20091201	103	5	0	0	0
20091201	104	1121	170	24	1
20091201	105	15	0	0	0
20100101	0	53262	10224	928	204
20100101	1	1496	0	0	0
20100101	2	218	63	24	3
20100101	3	864	0	13	0
20100101	4	962	121	19	0
20100101	5	20	0	0	0
20100101	8	1	0	0	0
20100101	10	88	9	0	0
20100101	12	22	5	0	0
20100101	13	23	0	0	0
20100101	14	370	73	55	36
20100101	15	5	0	0	0
20100101	100	35	6	0	0
20100101	101	7	0	0	0
20100101	102	37	2	0	0
20100101	103	6	0	0	0
20100101	104	1218	191	26	0
20100101	105	20	0	0	0
20100201	0	58262	14807	1015	298
20100201	1	1714	40	2	0
20100201	2	291	76	18	1
20100201	3	759	0	9	0
20100201	4	1136	208	20	7
20100201	5	23	0	1	0
20100201	10	288	22	201	0
20100201	11	2	0	0	0
20100201	12	27	6	0	0
20100201	13	14	0	0	0
20100201	14	260	73	50	43
20100201	15	6	0	0	0
20100201	100	34	14	1	1
20100201	101	6	0	0	0
20100201	102	35	4	0	0
20100201	103	6	0	0	0
20100201	104	1165	166	38	9
20100201	105	21	0	0	0
20100301	0	69071	16861	1660	473
20100301	1	2389	91	1	0
20100301	2	234	40	18	2
20100301	3	871	0	16	0
20100301	4	1134	161	14	0
20100301	5	24	0	0	0
20100301	10	205	10	83	0
20100301	11	3	0	0	0
20100301	12	29	9	1	0
20100301	13	14	0	0	0
20100301	14	456	197	145	134
20100301	15	4	0	0	0
20100301	100	52	19	6	0
20100301	101	10	0	0	0
20100301	102	69	11	4	0
20100301	103	10	0	0	0
20100301	104	1516	216	29	10
20100301	105	49	0	0	0
20100401	0	65919	11212	993	314
20100401	1	2284	36	4	0
20100401	2	244	46	21	2
20100401	3	1063	1	12	0
20100401	4	1075	218	18	0
20100401	5	32	0	0	0
20100401	8	1	0	0	0
20100401	10	76	10	2	1
20100401	12	26	4	0	0
20100401	13	14	0	0	0
20100401	14	203	57	44	33
20100401	15	1	0	0	0
20100401	100	35	10	1	0
20100401	101	4	0	0	0
20100401	102	49	9	4	0
20100401	103	5	0	0	0
20100401	104	1551	195	24	2
20100401	105	13	0	0	0
20100501	0	59272	6710	693	269
20100501	1	2068	75	4	0
20100501	2	233	41	38	1
20100501	3	1053	0	3	0
20100501	4	1163	61	71	0
20100501	5	28	0	0	0
20100501	8	2	0	0	0
20100501	9	2	0	0	0
20100501	10	107	4	3	0
20100501	11	3	0	0	0
20100501	12	37	1	0	0
20100501	13	23	0	0	0
20100501	14	274	67	53	42
20100501	15	6	0	0	0
20100501	100	39	6	1	0
20100501	101	14	0	0	0
20100501	102	44	1	1	0
20100501	103	18	0	0	0
20100501	104	1287	147	23	9
20100501	105	35	0	0	0
20100601	0	49638	6054	5252	1997
20100601	1	1279	29	4	0
20100601	2	206	17	13	2
20100601	3	674	0	1	0
20100601	4	977	167	25	1
20100601	5	28	0	0	0
20100601	8	2	0	0	0
20100601	9	1	0	0	0
20100601	10	151	68	69	66
20100601	11	1	0	0	0
20100601	12	26	4	0	0
20100601	13	18	0	0	0
20100601	14	152	40	27	19
20100601	15	2	0	0	0
20100601	100	40	3	2	0
20100601	101	6	0	0	0
20100601	102	34	5	0	0
20100601	103	10	0	0	0
20100601	104	1232	106	26	4
20100601	105	27	0	0	0
20100701	0	36217	3751	642	247
20100701	1	789	20	5	0
20100701	2	125	20	7	0
20100701	3	490	0	4	0
20100701	4	975	302	63	53
20100701	5	21	0	0	0
20100701	8	1	0	0	0
20100701	10	80	3	15	0
20100701	12	10	2	0	0
20100701	13	3	0	0	0
20100701	14	147	28	27	16
20100701	15	7	0	0	0
20100701	100	36	3	1	0
20100701	101	5	0	0	0
20100701	102	29	2	1	0
20100701	103	5	0	0	0
20100701	104	1267	87	20	2
20100701	105	16	0	0	0
20100801	0	45542	4463	799	463
20100801	1	875	8	2	0
20100801	2	123	21	8	0
20100801	3	602	2	5	0
20100801	4	1014	485	3	0
20100801	5	19	0	0	0
20100801	10	67	2	1	0
20100801	11	4	0	0	0
20100801	12	34	0	0	0
20100801	13	4	0	0	0
20100801	14	187	53	25	16
20100801	100	33	11	1	0
20100801	101	4	0	0	0
20100801	102	31	4	0	0
20100801	103	6	0	0	0
20100801	104	1178	80	22	6
20100801	105	12	0	0	0
20100901	0	50431	7387	1107	733
20100901	1	946	17	4	0
20100901	2	177	30	16	0
20100901	3	598	0	6	0
20100901	4	1104	447	9	0
20100901	5	23	0	1	0
20100901	9	1	0	0	0
20100901	10	59	2	1	0
20100901	11	1	0	0	0
20100901	12	39	5	0	0
20100901	13	6	0	0	0
20100901	14	312	150	137	122
20100901	15	1	0	0	0
20100901	100	28	7	0	0
20100901	101	6	0	0	0
20100901	102	28	10	1	0
20100901	103	4	0	0	0
20100901	104	1309	120	33	10
20100901	105	8	0	0	0
20101001	0	56240	7953	1382	792
20101001	1	1122	43	5	0
20101001	2	193	9	8	0
20101001	3	800	1	8	0
20101001	4	1299	529	13	1
20101001	5	33	0	1	0
20101001	8	2	0	0	0
20101001	9	1	0	0	0
20101001	10	82	3	6	1
20101001	11	1	0	0	0
20101001	12	24	1	0	0
20101001	13	17	0	0	0
20101001	14	493	358	343	331
20101001	15	1	0	0	0
20101001	100	21	5	0	0
20101001	101	4	0	0	0
20101001	102	50	7	0	0
20101001	103	17	0	1	0
20101001	104	1182	131	31	23
20101001	105	17	1	0	0
20101101	0	52112	7557	1100	687
20101101	1	880	29	2	0
20101101	2	156	29	10	0
20101101	3	628	0	0	0
20101101	4	1211	630	9	1
20101101	5	27	0	0	0
20101101	10	87	3	0	0
20101101	11	1	0	0	0
20101101	12	26	2	0	0
20101101	13	19	0	0	0
20101101	14	218	107	85	65
20101101	15	1	0	0	0
20101101	100	46	11	1	0
20101101	101	11	0	0	0
20101101	102	41	7	3	0
20101101	103	7	0	0	0
20101101	104	1034	86	16	4
20101101	105	13	0	0	0
20101201	0	39336	4430	942	632
20101201	1	701	22	2	0
20101201	2	98	14	4	0
20101201	3	430	0	0	0
20101201	4	1031	369	13	0
20101201	5	15	0	0	0
20101201	8	2	0	0	0
20101201	10	101	5	1	0
20101201	11	2	0	0	0
20101201	12	11	1	0	0
20101201	13	9	0	0	0
20101201	14	215	76	55	50
20101201	15	3	0	0	0
20101201	100	46	4	1	0
20101201	101	7	0	0	0
20101201	102	22	5	0	0
20101201	103	1	0	0	0
20101201	104	1138	95	16	11
20101201	105	7	0	0	0
20110101	0	44620	5111	1300	973
20110101	1	841	29	17	0
20110101	2	166	13	4	1
20110101	3	482	0	8	0
20110101	4	1505	747	52	0
20110101	5	18	0	2	0
20110101	8	1	0	0	0
20110101	10	84	2	2	0
20110101	11	2	0	0	0
20110101	12	11	0	0	0
20110101	13	9	0	0	0
20110101	14	346	258	245	241
20110101	15	6	0	0	0
20110101	100	34	8	2	0
20110101	101	8	0	0	0
20110101	102	44	4	1	0
20110101	103	8	0	2	0
20110101	104	1228	86	13	2
20110101	105	16	0	2	0
20110201	0	54289	6288	1211	858
20110201	1	1118	53	5	0
20110201	2	170	11	1	0
20110201	3	599	1	8	0
20110201	4	1665	889	23	0
20110201	5	24	0	0	0
20110201	8	3	0	0	0
20110201	9	1	0	0	0
20110201	10	115	4	1	0
20110201	11	1	0	0	0
20110201	12	11	1	0	0
20110201	13	15	0	0	0
20110201	14	189	59	48	31
20110201	15	1	0	0	0
20110201	100	56	4	1	0
20110201	101	8	0	0	0
20110201	102	24	6	0	0
20110201	103	25	0	0	0
20110201	104	1173	113	18	12
20110201	105	10	0	0	0
20110301	0	57380	7272	1344	944
20110301	1	1085	40	1	0
20110301	2	214	26	8	0
20110301	3	912	0	5	0
20110301	4	1635	799	15	0
20110301	5	16	0	0	0
20110301	10	110	8	1	0
20110301	12	11	0	0	0
20110301	13	19	0	0	0
20110301	14	309	140	94	86
20110301	15	3	0	0	0
20110301	100	17	4	0	0
20110301	101	8	0	0	0
20110301	102	26	3	3	0
20110301	103	10	0	0	0
20110301	104	1330	145	29	13
20110301	105	22	0	0	0
20110401	0	51013	5993	1188	672
20110401	1	835	39	4	0
20110401	2	212	22	30	0
20110401	3	627	1	2	0
20110401	4	1412	653	7	0
20110401	5	18	0	0	0
20110401	8	1	0	0	0
20110401	10	71	3	1	0
20110401	12	12	1	0	0
20110401	13	11	0	0	0
20110401	14	178	83	66	60
20110401	100	29	8	0	0
20110401	101	4	0	0	0
20110401	102	54	23	5	0
20110401	103	1	0	0	0
20110401	104	1514	110	33	15
20110401	105	14	0	0	0
20110501	0	54849	6049	1109	545
20110501	1	977	44	4	0
20110501	2	165	20	12	0
20110501	3	461	0	7	0
20110501	4	1215	618	4	0
20110501	5	17	0	0	0
20110501	10	104	12	4	0
20110501	12	10	2	0	0
20110501	13	6	0	0	0
20110501	14	146	45	28	25
20110501	15	3	0	0	0
20110501	100	16	6	2	0
20110501	101	14	0	0	0
20110501	102	36	15	2	0
20110501	103	1	0	0	0
20110501	104	1315	141	27	9
20110501	105	6	0	0	0
20110601	0	50718	5214	1015	679
20110601	1	799	36	3	0
20110601	2	167	27	9	0
20110601	3	460	0	1	0
20110601	4	1075	555	21	12
20110601	5	35	0	0	0
20110601	8	1	0	0	0
20110601	10	99	2	1	0
20110601	11	2	0	0	0
20110601	12	13	2	0	0
20110601	13	16	0	0	0
20110601	14	261	93	82	73
20110601	15	2	0	0	0
20110601	100	30	6	1	0
20110601	101	10	0	0	0
20110601	102	58	19	1	0
20110601	103	5	0	0	0
20110601	104	1396	123	23	11
20110601	105	16	0	0	0
20110701	0	42825	3263	1109	817
20110701	1	749	23	2	0
20110701	2	213	49	13	8
20110701	3	556	0	0	0
20110701	4	1272	638	10	0
20110701	5	23	0	0	0
20110701	10	82	9	5	0
20110701	11	7	0	0	0
20110701	12	8	1	0	0
20110701	13	15	0	0	0
20110701	14	177	47	47	36
20110701	15	1	0	0	0
20110701	100	34	3	0	0
20110701	101	9	0	0	0
20110701	102	44	13	0	0
20110701	103	3	0	1	0
20110701	104	1285	100	14	5
20110701	105	8	0	0	0
20110801	0	60708	11661	8945	8575
20110801	1	1016	117	70	0
20110801	2	189	16	5	1
20110801	3	655	2	4	0
20110801	4	1196	540	17	1
20110801	5	24	0	0	0
20110801	10	86	5	11	1
20110801	11	2	0	0	0
20110801	12	16	2	0	0
20110801	13	10	0	1	0
20110801	14	976	825	787	776
20110801	15	1	0	1	0
20110801	100	22	3	0	0
20110801	101	10	0	0	0
20110801	102	42	9	0	0
20110801	103	13	0	0	0
20110801	104	1253	115	22	8
20110801	105	26	2	7	0
20110901	0	55729	4210	1058	646
20110901	1	931	54	3	0
20110901	2	162	21	11	0
20110901	3	680	5	10	0
20110901	4	1212	631	16	0
20110901	5	25	0	0	0
20110901	8	1	0	0	0
20110901	9	1	0	0	0
20110901	10	107	12	17	0
20110901	11	3	0	0	0
20110901	12	12	1	0	0
20110901	13	11	0	0	0
20110901	14	500	353	364	339
20110901	15	3	0	0	0
20110901	100	47	4	0	0
20110901	101	6	0	0	0
20110901	102	47	12	1	0
20110901	103	4	0	0	0
20110901	104	1085	79	16	7
20110901	105	19	1	0	0
20111001	0	56124	3694	1188	682
20111001	1	972	32	3	0
20111001	2	170	19	42	5
20111001	3	480	0	18	0
20111001	4	1228	677	21	2
20111001	5	17	0	1	0
20111001	9	1	0	0	0
20111001	10	99	3	8	0
20111001	11	3	0	0	0
20111001	12	18	1	2	1
20111001	13	10	0	0	0
20111001	14	466	319	306	290
20111001	15	2	0	0	0
20111001	100	39	5	1	0
20111001	101	4	0	0	0
20111001	102	52	10	10	0
20111001	103	6	1	3	1
20111001	104	1275	93	45	12
20111001	105	14	0	0	0
20111101	0	57968	3719	1004	723
20111101	1	1031	73	6	0
20111101	2	140	15	5	0
20111101	3	670	4	5	0
20111101	4	1406	756	15	1
20111101	5	17	0	0	0
20111101	8	1	0	0	0
20111101	10	104	4	10	2
20111101	11	1	0	1	0
20111101	12	16	3	0	0
20111101	13	18	0	0	0
20111101	14	158	43	37	35
20111101	100	55	4	0	0
20111101	101	7	0	0	0
20111101	102	71	15	2	0
20111101	103	6	1	0	0
20111101	104	1221	88	23	11
20111101	105	21	0	0	0
20111201	0	44989	2630	987	781
20111201	1	673	44	4	0
20111201	2	146	16	3	0
20111201	3	602	6	11	1
20111201	4	1234	663	15	2
20111201	5	10	0	0	0
20111201	9	1	0	0	0
20111201	10	109	6	2	0
20111201	11	1	0	0	0
20111201	12	14	0	1	0
20111201	13	9	0	0	0
20111201	14	263	163	135	131
20111201	15	2	0	0	0
20111201	100	29	4	1	0
20111201	101	7	1	0	0
20111201	102	47	12	3	0
20111201	103	12	0	0	0
20111201	104	1294	94	49	13
20111201	105	17	0	0	0
20120101	0	52427	2655	1094	811
20120101	1	816	53	2	0
20120101	2	153	13	16	3
20120101	3	796	7	3	0
20120101	4	1328	744	44	2
20120101	5	27	0	0	0
20120101	10	83	10	6	0
20120101	11	5	1	1	1
20120101	12	9	0	1	0
20120101	13	13	0	0	0
20120101	14	282	161	164	157
20120101	100	45	1	2	0
20120101	101	5	0	0	0
20120101	102	49	5	1	0
20120101	103	5	0	0	0
20120101	104	1320	67	21	9
20120101	105	16	0	0	0
20120201	0	51916	2356	1035	564
20120201	1	904	82	0	0
20120201	2	161	10	2	0
20120201	3	564	5	6	0
20120201	4	1408	806	30	0
20120201	5	13	2	0	0
20120201	8	10	0	0	0
20120201	9	2	0	0	0
20120201	10	115	6	5	0
20120201	11	3	0	0	0
20120201	12	16	0	0	0
20120201	13	7	0	0	0
20120201	14	209	61	61	57
20120201	15	2	0	0	0
20120201	100	24	3	0	0
20120201	101	4	0	0	0
20120201	102	40	11	1	0
20120201	103	5	0	0	0
20120201	104	1167	59	19	12
20120201	105	17	0	1	0
20120301	0	55668	3386	1179	769
20120301	1	884	80	4	0
20120301	2	167	11	21	0
20120301	3	467	7	4	0
20120301	4	1435	824	34	1
20120301	5	18	2	0	0
20120301	8	6	0	0	0
20120301	10	81	0	2	0
20120301	11	5	0	0	0
20120301	12	21	1	0	0
20120301	13	7	0	0	0
20120301	14	194	67	65	57
20120301	15	4	0	0	0
20120301	100	23	1	1	0
20120301	101	8	0	0	0
20120301	102	49	7	0	0
20120301	103	4	0	0	0
20120301	104	1194	54	13	2
20120301	105	4	0	0	0
20120401	0	54541	3986	1053	825
20120401	1	854	66	13	0
20120401	2	154	35	12	10
20120401	3	515	4	2	0
20120401	4	1434	893	17	1
20120401	5	19	1	0	0
20120401	9	1	0	0	0
20120401	10	96	11	18	7
20120401	11	2	0	0	0
20120401	12	10	1	0	0
20120401	13	9	1	0	0
20120401	14	167	75	67	63
20120401	100	18	2	0	0
20120401	101	10	0	0	0
20120401	102	38	6	1	0
20120401	103	1	0	0	0
20120401	104	1486	68	14	7
20120401	105	17	0	1	0
20120501	0	63128	4776	1920	846
20120501	1	744	61	8	0
20120501	2	150	14	13	0
20120501	3	669	18	3	0
20120501	4	1597	1013	23	7
20120501	5	12	0	0	0
20120501	8	1	0	0	0
20120501	10	130	9	13	4
20120501	11	1	0	0	0
20120501	12	11	1	0	0
20120501	13	10	0	1	0
20120501	14	332	214	102	76
20120501	15	1	0	0	0
20120501	100	41	3	10	0
20120501	101	2	0	0	0
20120501	102	60	9	10	2
20120501	103	7	0	0	0
20120501	104	1527	98	46	18
20120501	105	14	0	0	0
20120601	0	54614	3987	1039	627
20120601	1	699	54	2	0
20120601	2	111	5	2	0
20120601	3	739	12	11	0
20120601	4	1518	971	20	0
20120601	5	23	0	0	0
20120601	9	1	0	0	0
20120601	10	105	21	5	1
20120601	12	9	1	0	0
20120601	13	10	0	0	0
20120601	14	190	70	68	54
20120601	15	3	0	0	0
20120601	100	42	3	0	0
20120601	101	9	0	0	0
20120601	102	41	6	0	0
20120601	103	8	0	0	0
20120601	104	1409	77	20	4
20120601	105	11	0	0	0
20120701	0	47819	2752	1321	891
20120701	1	610	46	2	0
20120701	2	180	11	14	1
20120701	3	472	14	4	0
20120701	4	1156	799	19	1
20120701	5	22	1	0	0
20120701	10	118	11	5	0
20120701	12	13	1	0	0
20120701	13	7	0	0	0
20120701	14	188	101	95	87
20120701	15	1	0	0	0
20120701	100	32	2	2	0
20120701	101	2	0	0	0
20120701	102	39	4	0	0
20120701	103	4	0	0	0
20120701	104	1418	53	30	12
20120701	105	18	0	0	0
20120801	0	54425	3606	1095	796
20120801	1	718	54	3	0
20120801	2	213	13	5	0
20120801	3	574	12	13	0
20120801	4	1303	804	29	1
20120801	5	15	0	0	0
20120801	9	3	0	0	0
20120801	10	166	8	77	3
20120801	11	3	1	0	0
20120801	12	5	0	0	0
20120801	13	8	0	0	0
20120801	14	191	90	81	76
20120801	15	1	0	0	0
20120801	100	17	2	0	0
20120801	101	3	0	0	0
20120801	102	39	8	3	0
20120801	103	5	0	0	0
20120801	104	1345	58	30	17
20120801	105	8	1	0	0
20120901	0	56566	4002	1615	1254
20120901	1	640	29	1	0
20120901	2	113	11	6	0
20120901	3	467	8	3	0
20120901	4	1267	799	28	0
20120901	5	12	1	0	0
20120901	10	97	9	2	1
20120901	11	3	0	0	0
20120901	12	15	1	0	0
20120901	13	3	0	0	0
20120901	14	240	120	98	89
20120901	15	2	0	0	0
20120901	100	20	3	1	1
20120901	101	2	0	0	0
20120901	102	28	7	2	0
20120901	103	3	1	1	1
20120901	104	1234	50	16	9
20120901	105	8	0	0	0
20121001	0	60482	4562	931	649
20121001	1	736	54	16	0
20121001	2	148	16	18	0
20121001	3	407	12	20	0
20121001	4	1186	758	17	1
20121001	5	24	1	0	0
20121001	10	185	78	38	35
20121001	12	6	1	0	0
20121001	13	9	0	0	0
20121001	14	246	106	106	83
20121001	15	1	0	0	0
20121001	100	24	2	0	0
20121001	101	10	0	0	0
20121001	102	36	4	0	0
20121001	103	4	0	0	0
20121001	104	1377	64	9	5
20121001	105	7	0	0	0
20121101	0	56544	3632	727	422
20121101	1	742	65	5	0
20121101	2	254	62	61	0
20121101	3	408	5	4	0
20121101	4	1092	736	23	0
20121101	5	64	0	0	0
20121101	9	1	0	0	0
20121101	10	105	9	18	5
20121101	11	1	0	0	0
20121101	12	6	1	0	0
20121101	13	10	0	0	0
20121101	14	203	101	94	87
20121101	100	27	4	3	3
20121101	101	3	0	0	0
20121101	102	30	6	0	0
20121101	103	5	0	0	0
20121101	104	1272	47	14	9
20121101	105	17	0	0	0
20121201	0	42065	3468	975	677
20121201	1	601	38	5	0
20121201	2	173	14	8	0
20121201	3	546	7	6	0
20121201	4	930	567	8	0
20121201	5	35	1	0	0
20121201	8	1	1	0	0
20121201	10	75	0	2	0
20121201	11	5	0	0	0
20121201	12	3	0	0	0
20121201	13	3	0	0	0
20121201	14	159	75	70	69
20121201	15	3	0	0	0
20121201	100	22	2	0	0
20121201	101	3	0	0	0
20121201	102	24	7	0	0
20121201	103	5	0	0	0
20121201	104	1354	66	24	8
20121201	105	11	0	0	0
20130101	0	47781	3726	1220	937
20130101	1	602	46	34	2
20130101	2	192	11	5	0
20130101	3	535	5	5	0
20130101	4	969	582	8	0
20130101	5	48	0	0	0
20130101	10	55	7	1	1
20130101	11	3	0	0	0
20130101	12	4	1	0	0
20130101	13	3	0	0	0
20130101	14	198	128	106	101
20130101	15	3	0	0	0
20130101	100	34	4	2	1
20130101	101	6	0	0	0
20130101	102	30	9	1	0
20130101	103	8	0	0	0
20130101	104	1242	86	36	24
20130101	105	14	0	0	0
20130201	0	53012	3977	1054	731
20130201	1	702	48	4	0
20130201	2	131	14	6	0
20130201	3	497	3	2	0
20130201	4	956	585	5	0
20130201	5	14	1	0	0
20130201	10	75	3	1	0
20130201	11	3	0	0	0
20130201	12	2	0	0	0
20130201	13	3	0	0	0
20130201	14	185	100	95	84
20130201	15	1	0	0	0
20130201	100	22	1	0	0
20130201	101	13	0	0	0
20130201	102	37	6	2	0
20130201	103	1	0	0	0
20130201	104	1261	74	32	18
20130201	105	12	0	0	0
20130301	0	74308	23161	15597	15263
20130301	1	730	47	10	0
20130301	2	158	20	7	1
20130301	3	581	4	2	0
20130301	4	1040	613	18	1
20130301	5	42	0	2	0
20130301	9	1	0	0	0
20130301	10	164	65	51	49
20130301	11	4	0	0	0
20130301	12	14	3	0	0
20130301	13	4	0	0	0
20130301	14	15218	15052	8822	8817
20130301	15	1	0	0	0
20130301	100	17	3	3	2
20130301	101	7	0	0	0
20130301	102	46	15	1	0
20130301	103	8	0	1	0
20130301	104	1441	259	103	93
20130301	105	18	0	0	0
20130401	0	60584	8245	3803	3456
20130401	1	909	38	2	0
20130401	2	111	17	9	0
20130401	3	501	4	3	0
20130401	4	1117	725	6	0
20130401	5	21	0	0	0
20130401	9	2	0	0	0
20130401	10	117	28	8	5
20130401	12	9	0	0	0
20130401	13	3	0	0	0
20130401	14	6644	6452	4296	4291
20130401	15	2	0	0	0
20130401	100	37	3	1	1
20130401	101	11	0	1	0
20130401	102	27	8	2	0
20130401	103	2	0	0	0
20130401	104	1456	110	22	15
20130401	105	10	0	0	0
20130501	0	59990	3168	444	159
20130501	1	947	60	9	0
20130501	2	305	21	11	0
20130501	3	540	2	6	0
20130501	4	1104	713	8	0
20130501	5	21	0	0	0
20130501	9	1	0	0	0
20130501	10	88	3	2	1
20130501	11	7	0	0	0
20130501	12	13	1	0	0
20130501	13	5	0	0	0
20130501	14	603	350	238	218
20130501	15	1	0	0	0
20130501	100	30	4	0	0
20130501	101	9	0	0	0
20130501	102	44	7	0	0
20130501	103	6	0	0	0
20130501	104	1776	66	16	3
20130501	105	15	0	3	0
20130601	0	50035	397	353	97
20130601	1	798	41	7	0
20130601	2	199	0	47	0
20130601	3	539	4	9	0
20130601	4	991	568	10	0
20130601	5	25	0	1	0
20130601	8	1	0	0	0
20130601	10	118	5	6	2
20130601	11	5	0	0	0
20130601	12	3	0	0	0
20130601	13	4	0	0	0
20130601	14	823	49	13	7
20130601	15	1	0	0	0
20130601	100	17	0	0	0
20130601	101	19	0	0	0
20130601	102	42	1	0	0
20130601	103	7	0	2	0
20130601	104	1519	10	24	1
20130601	105	13	0	2	0
20130601	828	3	0	0	0
20130701	0	41837	2615	1048	130
20130701	1	579	26	21	0
20130701	2	211	25	19	2
20130701	3	559	11	3	0
20130701	4	1031	572	27	0
20130701	5	22	0	0	0
20130701	8	1	0	0	0
20130701	9	1	0	1	0
20130701	10	164	34	31	24
20130701	11	3	0	0	0
20130701	12	12	0	0	0
20130701	13	5	0	0	0
20130701	14	172	57	15	9
20130701	15	1	0	0	0
20130701	100	73	7	50	2
20130701	101	1	0	0	0
20130701	102	51	14	7	0
20130701	103	6	0	1	0
20130701	104	1540	62	83	2
20130701	105	14	0	2	0
20130801	0	41619	2300	714	103
20130801	1	616	34	1	0
20130801	2	184	15	5	0
20130801	3	434	2	13	0
20130801	4	832	493	13	0
20130801	5	18	0	0	0
20130801	10	55	11	8	7
20130801	11	6	1	0	0
20130801	12	6	1	1	0
20130801	13	9	0	0	0
20130801	14	352	211	103	64
20130801	15	1	0	0	0
20130801	100	40	13	1	1
20130801	101	2	0	0	0
20130801	102	35	5	0	0
20130801	103	5	0	0	0
20130801	104	1316	56	10	0
20130801	105	11	0	1	0
20130901	0	40251	2645	201	73
20130901	1	496	33	2	0
20130901	2	111	7	1	0
20130901	3	298	3	9	0
20130901	4	840	507	13	0
20130901	5	39	0	0	0
20130901	10	66	1	0	0
20130901	11	2	0	0	0
20130901	12	7	0	0	0
20130901	13	3	0	0	0
20130901	14	130	3	5	1
20130901	15	2	0	0	0
20130901	100	17	2	0	0
20130901	102	25	6	0	0
20130901	103	5	0	0	0
20130901	104	1201	58	4	0
20130901	105	7	0	0	0
20131001	0	49640	3134	264	73
20131001	1	561	32	2	0
20131001	2	124	15	9	0
20131001	3	331	6	4	0
20131001	4	1466	1119	14	0
20131001	5	80	0	0	0
20131001	10	38	0	0	0
20131001	11	5	0	0	0
20131001	12	6	0	0	0
20131001	13	10	0	0	0
20131001	14	231	0	0	0
20131001	100	20	2	0	0
20131001	101	1	0	0	0
20131001	102	33	8	3	0
20131001	103	3	0	0	0
20131001	104	1044	56	5	0
20131001	105	7	0	0	0
20131101	0	50379	2913	252	92
20131101	1	510	24	2	0
20131101	2	101	9	5	0
20131101	3	341	5	1	0
20131101	4	1039	657	20	1
20131101	5	81	0	0	0
20131101	10	62	3	3	2
20131101	11	3	0	0	0
20131101	12	3	0	0	0
20131101	13	4	0	0	0
20131101	14	174	1	3	0
20131101	15	1	0	0	0
20131101	100	24	3	2	0
20131101	101	8	0	0	0
20131101	102	37	7	7	1
20131101	104	1090	47	56	1
20131101	105	10	0	1	0
20131201	0	34002	1648	250	52
20131201	1	527	22	22	0
20131201	2	114	6	9	0
20131201	3	536	5	2	0
20131201	4	832	531	7	0
20131201	5	54	0	0	0
20131201	9	1	0	0	0
20131201	10	32	2	0	0
20131201	11	5	0	0	0
20131201	12	8	0	0	0
20131201	13	6	0	0	0
20131201	14	146	0	3	0
20131201	100	12	0	0	0
20131201	102	39	6	3	0
20131201	103	9	0	0	0
20131201	104	1023	36	12	3
20131201	105	32	0	22	0
20140101	0	41636	2054	202	106
20140101	1	590	21	4	0
20140101	2	93	10	3	0
20140101	3	353	4	7	0
20140101	4	944	496	14	0
20140101	5	53	0	0	0
20140101	10	56	1	1	0
20140101	11	4	0	0	0
20140101	12	3	0	0	0
20140101	13	3	0	0	0
20140101	14	229	36	7	4
20140101	100	22	1	0	0
20140101	101	5	0	0	0
20140101	102	30	6	1	1
20140101	103	14	0	0	0
20140101	104	1152	38	14	0
20140101	105	4	0	0	0
20140201	0	48122	2899	424	209
20140201	1	600	40	4	0
20140201	2	220	9	12	0
20140201	3	372	5	3	0
20140201	4	739	474	10	0
20140201	5	20	0	0	0
20140201	10	65	7	1	0
20140201	11	9	0	0	0
20140201	12	9	1	0	0
20140201	13	5	0	0	0
20140201	14	155	2	4	1
20140201	100	15	2	1	0
20140201	101	1	0	0	0
20140201	102	41	6	0	0
20140201	104	1159	51	8	3
20140201	105	7	0	0	0
20140201	828	1	0	0	0
20140301	0	56648	3783	336	102
20140301	1	844	72	6	0
20140301	2	141	6	12	0
20140301	3	315	4	1	0
20140301	4	1091	752	6	0
20140301	5	56	1	0	0
20140301	10	65	2	0	0
20140301	11	5	0	0	0
20140301	12	8	0	0	0
20140301	13	5	0	0	0
20140301	14	147	2	2	1
20140301	100	68	2	0	0
20140301	101	1	0	0	0
20140301	102	39	8	0	0
20140301	103	2	0	0	0
20140301	104	1186	53	4	0
20140301	105	6	0	0	0
20140401	0	50349	3163	323	87
20140401	1	761	54	9	0
20140401	2	124	15	2	0
20140401	3	681	235	2	0
20140401	4	839	505	14	0
20140401	5	49	0	0	0
20140401	8	1	0	0	0
20140401	9	1	0	1	0
20140401	10	62	2	1	0
20140401	11	5	0	0	0
20140401	12	10	0	0	0
20140401	13	5	0	0	0
20140401	14	159	4	1	0
20140401	100	37	1	0	0
20140401	101	1	0	0	0
20140401	102	34	2	1	0
20140401	103	5	0	0	0
20140401	104	1243	54	9	0
20140401	105	16	0	0	0
20140501	0	54782	3555	740	291
20140501	1	750	56	7	1
20140501	2	125	10	1	0
20140501	3	378	3	2	0
20140501	4	1080	763	5	0
20140501	5	54	0	0	0
20140501	8	1	0	0	0
20140501	9	1	0	0	0
20140501	10	53	3	2	1
20140501	11	7	0	0	0
20140501	12	12	2	0	0
20140501	13	1	0	0	0
20140501	14	619	49	8	2
20140501	15	1	0	0	0
20140501	100	15	0	0	0
20140501	101	2	0	0	0
20140501	102	42	6	1	0
20140501	103	8	0	0	0
20140501	104	1347	51	14	0
20140501	105	9	0	0	0
20140601	0	44169	2608	325	140
20140601	1	682	61	28	0
20140601	2	130	18	10	0
20140601	3	321	1	3	0
20140601	4	683	423	2	0
20140601	5	61	1	0	0
20140601	10	87	4	1	0
20140601	11	3	0	0	0
20140601	12	9	0	0	0
20140601	13	3	0	0	0
20140601	14	305	3	0	0
20140601	100	24	1	0	0
20140601	101	2	0	0	0
20140601	102	53	17	2	0
20140601	103	8	0	0	0
20140601	104	1114	50	6	0
20140601	105	19	0	5	0
20140601	828	1	0	0	0
20140701	0	37960	1879	302	93
20140701	1	538	42	6	0
20140701	2	131	15	21	0
20140701	3	463	4	6	0
20140701	4	831	451	30	10
20140701	5	107	4	0	0
20140701	10	82	1	4	0
20140701	11	7	1	1	0
20140701	12	9	1	0	0
20140701	14	154	2	4	2
20140701	15	2	1	0	0
20140701	100	12	1	1	0
20140701	102	26	7	0	0
20140701	103	3	0	0	0
20140701	104	1034	29	6	2
20140701	105	9	0	0	0
20140801	0	43747	2590	328	158
20140801	1	561	29	4	0
20140801	2	181	30	28	6
20140801	3	506	8	7	0
20140801	4	573	390	8	0
20140801	5	48	1	0	0
20140801	8	2	0	0	0
20140801	10	41	0	0	0
20140801	11	3	0	0	0
20140801	12	9	2	1	0
20140801	13	2	0	0	0
20140801	14	143	0	2	0
20140801	15	1	0	0	0
20140801	100	22	3	0	0
20140801	102	28	8	0	0
20140801	103	4	0	0	0
20140801	104	1085	64	12	10
20140801	105	5	0	0	0
20140901	0	48875	2858	326	87
20140901	1	781	51	1	0
20140901	2	170	9	14	1
20140901	3	494	1	1	0
20140901	4	557	305	6	0
20140901	5	86	0	0	0
20140901	8	1	0	0	0
20140901	10	47	2	0	0
20140901	11	1	0	0	0
20140901	12	5	0	0	0
20140901	13	3	0	0	0
20140901	14	102	0	1	0
20140901	100	10	1	0	0
20140901	101	1	0	0	0
20140901	102	23	3	0	0
20140901	103	4	0	0	0
20140901	104	1040	53	11	2
20140901	105	8	0	0	0
20140901	828	1	0	0	0
20141001	0	52771	3310	327	91
20141001	1	736	46	5	0
20141001	2	129	9	15	0
20141001	3	468	3	1	0
20141001	4	705	432	26	1
20141001	5	47	0	0	0
20141001	8	1	0	0	0
20141001	10	55	1	0	0
20141001	11	11	0	0	0
20141001	12	15	2	0	0
20141001	13	4	0	0	0
20141001	14	160	35	2	1
20141001	15	1	0	0	0
20141001	100	19	4	1	0
20141001	101	1	0	0	0
20141001	102	17	5	0	0
20141001	103	8	0	0	0
20141001	104	1276	56	12	1
20141001	105	12	0	0	0
20141101	0	49054	2857	251	48
20141101	1	736	42	5	0
20141101	2	110	12	2	0
20141101	3	380	4	3	0
20141101	4	661	430	7	0
20141101	5	30	0	0	0
20141101	9	2	0	1	0
20141101	10	29	1	0	0
20141101	11	13	0	3	0
20141101	12	11	1	0	0
20141101	13	3	0	0	0
20141101	14	372	0	2	0
20141101	100	18	0	0	0
20141101	101	1	0	0	0
20141101	102	29	7	0	0
20141101	103	7	0	0	0
20141101	104	1206	52	11	0
20141101	105	12	0	0	0
20141101	828	2	0	0	0
20141201	0	37361	2298	727	557
20141201	1	482	27	4	1
20141201	2	94	6	1	0
20141201	3	421	7	3	0
20141201	4	787	438	56	3
20141201	5	63	0	0	0
20141201	10	77	0	2	0
20141201	11	2	0	0	0
20141201	12	6	0	0	0
20141201	13	2	0	0	0
20141201	14	286	0	0	0
20141201	15	1	0	0	0
20141201	100	14	1	0	0
20141201	102	34	2	0	0
20141201	103	5	0	0	0
20141201	104	1152	36	6	0
20141201	105	7	0	0	0
20141201	828	3	0	0	0
20150101	0	40422	2013	608	211
20150101	1	480	32	1	0
20150101	2	136	16	14	0
20150101	3	485	4	2	0
20150101	4	745	408	15	0
20150101	5	41	0	0	0
20150101	8	1	0	0	0
20150101	10	77	1	0	0
20150101	11	5	0	0	0
20150101	12	9	1	0	0
20150101	13	4	0	0	0
20150101	14	130	8	2	0
20150101	15	1	0	0	0
20150101	100	29	4	0	0
20150101	101	2	0	0	0
20150101	102	51	1	0	0
20150101	103	4	0	0	0
20150101	104	1172	37	6	0
20150101	105	10	0	0	0
20150201	0	43573	1901	221	41
20150201	1	504	14	3	0
20150201	2	116	5	0	0
20150201	3	533	14	48	0
20150201	4	607	358	17	0
20150201	5	42	0	0	0
20150201	10	42	0	0	0
20150201	11	4	1	2	0
20150201	12	21	1	0	0
20150201	13	4	0	0	0
20150201	14	237	40	12	1
20150201	15	2	0	0	0
20150201	100	29	3	0	0
20150201	101	2	0	0	0
20150201	102	27	2	9	0
20150201	103	9	0	1	0
20150201	104	1067	33	3	0
20150201	105	11	0	0	0
20150201	828	1	0	0	0
20150301	0	49302	2445	232	49
20150301	1	542	29	4	0
20150301	2	109	20	5	0
20150301	3	498	6	3	0
20150301	4	809	420	24	0
20150301	5	47	0	0	0
20150301	10	72	1	4	0
20150301	11	2	0	0	0
20150301	12	6	1	0	0
20150301	13	2	0	0	0
20150301	14	351	14	23	0
20150301	15	1	0	0	0
20150301	100	40	2	0	0
20150301	102	30	5	0	0
20150301	103	4	0	0	0
20150301	104	1055	42	48	1
20150301	105	1	0	0	0
20150401	0	58986	2925	303	87
20150401	1	592	40	0	0
20150401	2	198	27	9	8
20150401	3	347	4	3	0
20150401	4	760	424	20	0
20150401	5	31	0	0	0
20150401	10	41	1	0	0
20150401	11	1	0	0	0
20150401	12	13	0	0	0
20150401	13	2	0	0	0
20150401	14	378	4	2	0
20150401	15	1	0	0	0
20150401	100	36	1	1	0
20150401	102	33	3	1	0
20150401	103	8	0	0	0
20150401	104	1152	43	6	0
20150401	105	6	0	0	0
20150401	828	6	0	0	0
20150501	0	60817	2997	298	108
20150501	1	621	29	3	1
20150501	2	19	3	1	0
20150501	3	342	7	1	0
20150501	4	708	387	11	0
20150501	5	47	0	0	0
20150501	10	63	0	3	0
20150501	11	5	0	0	0
20150501	12	10	0	0	0
20150501	13	1	0	0	0
20150501	14	202	0	0	0
20150501	15	3	0	0	0
20150501	100	27	3	0	0
20150501	102	19	4	0	0
20150501	103	3	0	0	0
20150501	104	4372	51	8	0
20150501	105	3	0	0	0
20150501	828	1	0	0	0
20150601	0	54830	1580	285	99
20150601	1	628	28	155	1
20150601	2	18	3	0	0
20150601	3	1979	11	1569	1
20150601	4	757	431	8	0
20150601	5	62	0	1	0
20150601	8	1	0	0	0
20150601	10	84	1	0	0
20150601	11	3	0	0	0
20150601	12	7	0	0	0
20150601	13	6	0	0	0
20150601	14	121	0	3	0
20150601	15	2	0	0	0
20150601	100	32	0	0	0
20150601	101	1	0	0	0
20150601	102	23	2	0	0
20150601	103	7	0	1	0
20150601	104	1120	27	6	0
20150601	105	21	0	8	0
20150701	0	44641	315	446	199
20150701	1	374	12	2	0
20150701	2	26	7	2	0
20150701	3	394	4	8	0
20150701	4	623	384	7	0
20150701	5	37	0	0	0
20150701	8	2	0	0	0
20150701	10	39	0	0	0
20150701	11	1	0	0	0
20150701	12	12	0	0	0
20150701	13	2	0	0	0
20150701	14	316	4	6	0
20150701	15	1	0	0	0
20150701	100	18	1	1	0
20150701	101	1	0	0	0
20150701	102	32	0	0	0
20150701	104	1463	2	2	1
20150701	105	8	0	0	0
20150701	828	1	0	0	0
20150801	0	52635	317	296	157
20150801	1	470	18	3	0
20150801	2	37	3	1	0
20150801	3	342	1	0	0
20150801	4	685	369	20	0
20150801	5	43	0	0	0
20150801	8	1	0	0	0
20150801	9	1	0	0	0
20150801	10	31	1	1	0
20150801	11	12	0	0	0
20150801	12	7	0	0	0
20150801	13	4	0	0	0
20150801	14	157	1	1	0
20150801	100	27	1	0	0
20150801	101	2	0	0	0
20150801	102	11	0	0	0
20150801	103	14	0	0	0
20150801	104	1323	3	3	1
20150801	105	11	0	0	0
20150901	0	60384	136	209	38
20150901	1	585	29	11	1
20150901	2	24	2	1	0
20150901	3	483	0	4	0
20150901	4	770	400	6	1
20150901	5	55	0	0	0
20150901	8	1	0	0	0
20150901	10	48	2	0	0
20150901	11	13	0	0	0
20150901	12	10	0	0	0
20150901	13	3	0	0	0
20150901	14	188	14	2	2
20150901	15	7	0	0	0
20150901	100	37	0	0	0
20150901	101	1	0	0	0
20150901	102	24	0	0	0
20150901	103	8	0	1	0
20150901	104	1244	2	2	0
20150901	105	6	0	0	0
20150901	828	1	0	0	0
20151001	0	62003	146	503	47
20151001	1	640	22	49	0
20151001	2	39	3	2	0
20151001	3	410	0	1	0
20151001	4	913	473	9	0
20151001	5	60	0	0	0
20151001	10	85	0	1	0
20151001	11	3	0	0	0
20151001	12	14	0	0	0
20151001	13	12	0	0	0
20151001	14	185	1	1	0
20151001	15	2	0	0	0
20151001	100	36	0	0	0
20151001	101	2	0	0	0
20151001	102	31	0	0	0
20151001	103	1	0	0	0
20151001	104	1399	1	40	0
20151001	105	11	0	0	0
20151001	828	1	0	0	0
20151101	0	61475	202	454	70
20151101	1	702	21	170	0
20151101	2	18	2	1	0
20151101	3	424	0	0	0
20151101	4	799	367	7	0
20151101	5	69	0	0	0
20151101	10	103	32	6	2
20151101	11	5	0	0	0
20151101	12	16	0	0	0
20151101	13	6	0	0	0
20151101	14	173	2	3	1
20151101	100	34	0	0	0
20151101	101	2	0	0	0
20151101	102	23	0	0	0
20151101	103	4	0	0	0
20151101	104	1251	1	22	0
20151101	105	5	0	0	0
20151101	828	6	0	0	0
20151201	0	41226	147	239	39
20151201	1	383	18	10	0
20151201	2	21	2	1	0
20151201	3	260	4	6	0
20151201	4	621	320	16	0
20151201	5	27	1	0	0
20151201	8	1	0	0	0
20151201	10	50	0	0	0
20151201	11	1	0	0	0
20151201	12	11	0	0	0
20151201	13	4	0	0	0
20151201	14	142	0	0	0
20151201	100	21	0	0	0
20151201	101	3	0	0	0
20151201	102	21	0	0	0
20151201	103	2	0	0	0
20151201	104	1143	7	23	1
20151201	105	9	0	0	0
20151201	828	2	0	0	0
20160101	0	49815	321	334	176
20160101	1	450	27	4	0
20160101	2	36	3	1	0
20160101	3	471	6	2	0
20160101	4	537	270	11	0
20160101	5	28	1	0	0
20160101	10	49	2	2	0
20160101	11	4	0	0	0
20160101	12	11	0	0	0
20160101	13	1	0	0	0
20160101	14	183	0	2	0
20160101	15	1	0	0	0
20160101	100	42	0	0	0
20160101	102	29	0	0	0
20160101	103	5	0	0	0
20160101	104	1761	7	13	1
20160101	105	11	0	0	0
20160101	828	1	0	0	0
20160201	0	62579	256	468	114
20160201	1	559	20	12	0
20160201	2	43	2	6	0
20160201	3	435	3	3	0
20160201	4	721	254	12	0
20160201	5	33	0	0	0
20160201	10	61	3	2	0
20160201	11	3	0	0	0
20160201	12	20	0	0	0
20160201	13	4	0	0	0
20160201	14	339	0	58	0
20160201	15	1	0	0	0
20160201	100	28	0	0	0
20160201	102	40	1	2	0
20160201	103	1	0	0	0
20160201	104	1335	5	15	1
20160201	105	13	0	0	0
20160301	0	55357	141	384	33
20160301	1	465	27	4	0
20160301	2	41	4	1	1
20160301	3	584	5	4	0
20160301	4	832	288	12	0
20160301	5	38	0	0	0
20160301	9	1	0	0	0
20160301	10	72	1	1	0
20160301	11	3	0	0	0
20160301	12	21	0	0	0
20160301	13	1	0	0	0
20160301	14	336	3	7	0
20160301	100	15	0	0	0
20160301	102	36	0	0	0
20160301	103	5	0	0	0
20160301	104	1180	4	22	0
20160301	105	21	0	0	0
20160401	0	60482	466	147	34
20160401	1	538	22	5	0
20160401	2	88	11	25	0
20160401	3	667	6	2	0
20160401	4	798	305	18	0
20160401	5	41	0	0	0
20160401	10	71	0	0	0
20160401	11	3	0	0	0
20160401	12	9	0	0	0
20160401	13	1	0	0	0
20160401	14	190	2	2	0
20160401	15	4	0	0	0
20160401	100	19	0	0	0
20160401	101	1	0	0	0
20160401	102	28	0	2	0
20160401	103	2	0	0	0
20160401	104	1195	7	8	1
20160401	105	13	0	0	0
20160501	0	58015	225	208	131
20160501	1	487	29	7	6
20160501	2	36	0	3	0
20160501	3	584	1	1	0
20160501	4	786	346	25	0
20160501	5	46	0	0	0
20160501	10	62	3	2	0
20160501	11	6	0	0	0
20160501	12	13	0	0	0
20160501	13	2	0	0	0
20160501	14	209	1	2	1
20160501	15	1	0	0	0
20160501	100	10	0	0	0
20160501	102	26	0	0	0
20160501	103	3	0	0	0
20160501	104	1183	7	6	3
20160501	105	9	0	0	0
20160601	0	52698	6629	516	74
20160601	1	411	34	11	3
20160601	2	27	3	2	0
20160601	3	458	14	18	4
20160601	4	507	233	28	1
20160601	5	33	0	0	0
20160601	10	54	0	0	0
20160601	12	10	0	0	0
20160601	13	4	0	0	0
20160601	14	143	0	4	0
20160601	15	2	0	0	0
20160601	100	16	0	0	0
20160601	101	2	0	0	0
20160601	102	22	0	0	0
20160601	104	1068	15	5	0
20160601	105	9	0	0	0
20160701	0	46692	11742	982	129
20160701	1	458	13	2	0
20160701	2	22	3	1	0
20160701	3	487	22	6	0
20160701	4	479	248	37	0
20160701	5	27	0	0	0
20160701	10	60	0	0	0
20160701	12	12	0	0	0
20160701	13	1	0	0	0
20160701	14	136	5	1	1
20160701	100	6	0	0	0
20160701	101	1	0	0	0
20160701	102	25	0	0	0
20160701	103	3	0	0	0
20160701	104	1268	20	11	0
20160701	105	17	0	0	0
20160801	0	51819	13696	822	72
20160801	1	380	30	3	1
20160801	2	41	10	4	0
20160801	3	763	32	6	0
20160801	4	544	267	7	0
20160801	5	68	1	0	0
20160801	9	4	0	0	0
20160801	10	45	2	0	0
20160801	11	5	0	0	0
20160801	12	11	0	0	0
20160801	13	2	0	0	0
20160801	14	186	13	0	0
20160801	100	22	0	0	0
20160801	101	1	0	0	0
20160801	102	13	0	0	0
20160801	103	5	0	0	0
20160801	104	1270	22	4	3
20160801	105	10	2	2	2
20160901	0	61207	15788	712	161
20160901	1	418	41	6	1
20160901	2	19	1	1	0
20160901	3	509	28	4	0
20160901	4	562	320	21	0
20160901	5	49	0	0	0
20160901	10	59	0	0	0
20160901	11	26	0	0	0
20160901	12	12	0	0	0
20160901	14	152	14	3	0
20160901	15	2	0	0	0
20160901	100	21	0	0	0
20160901	102	14	0	0	0
20160901	103	3	1	1	0
20160901	104	1233	25	4	0
20160901	105	12	0	0	0
20160901	828	1	0	0	0
20161001	0	62858	13319	659	88
20161001	1	486	50	3	0
20161001	2	71	2	2	0
20161001	3	414	33	3	0
20161001	4	620	318	7	0
20161001	5	75	0	0	0
20161001	10	41	1	1	0
20161001	11	13	0	0	0
20161001	12	7	0	0	0
20161001	13	3	0	0	0
20161001	14	167	10	2	0
20161001	15	2	0	0	0
20161001	100	20	1	0	0
20161001	101	1	0	0	0
20161001	102	21	1	0	0
20161001	103	2	0	0	0
20161001	104	1291	23	3	0
20161001	105	7	0	1	0
20161101	0	61643	20126	816	65
20161101	1	435	38	4	2
20161101	2	111	7	7	1
20161101	3	517	61	6	2
20161101	4	680	307	7	0
20161101	5	35	0	0	0
20161101	10	49	2	1	0
20161101	11	2	0	0	0
20161101	12	14	0	0	0
20161101	13	5	0	0	0
20161101	14	205	13	5	1
20161101	100	19	1	0	0
20161101	101	1	0	0	0
20161101	102	10	0	0	0
20161101	103	2	0	0	0
20161101	104	1087	35	3	0
20161101	105	16	0	0	0
20161101	828	2	0	0	0
20161201	0	41755	10629	766	103
20161201	1	329	14	3	1
20161201	2	29	5	0	0
20161201	3	406	40	13	1
20161201	4	384	220	8	0
20161201	5	23	0	0	0
20161201	10	32	1	0	0
20161201	12	22	0	0	0
20161201	13	2	0	0	0
20161201	14	239	7	1	0
20161201	15	1	0	0	0
20161201	100	20	3	1	0
20161201	102	12	1	0	0
20161201	103	8	0	0	0
20161201	104	1107	16	8	1
20161201	105	16	0	0	0
20170101	0	51390	14469	816	100
20170101	1	359	26	4	2
20170101	2	22	5	0	0
20170101	3	547	55	18	3
20170101	4	517	255	4	0
20170101	5	29	1	1	0
20170101	9	1	0	0	0
20170101	10	47	0	1	0
20170101	11	3	0	0	0
20170101	12	13	0	0	0
20170101	13	3	0	0	0
20170101	14	138	10	3	0
20170101	15	1	0	0	0
20170101	100	17	0	0	0
20170101	102	17	0	0	0
20170101	103	6	0	0	0
20170101	104	1250	26	9	0
20170101	105	10	1	0	0
20170101	828	3	0	0	0
20170201	0	55990	20029	962	78
20170201	1	402	55	6	2
20170201	2	30	11	3	3
20170201	3	548	41	15	2
20170201	4	422	201	7	0
20170201	5	33	3	2	0
20170201	10	38	0	1	0
20170201	11	8	0	1	0
20170201	12	20	1	0	0
20170201	13	2	0	0	0
20170201	14	159	17	4	0
20170201	15	1	0	0	0
20170201	100	12	0	0	0
20170201	101	1	0	0	0
20170201	102	13	0	0	0
20170201	103	6	0	0	0
20170201	104	1340	47	22	1
20170201	105	4	1	0	0
20170301	0	65248	23517	1162	64
20170301	1	480	69	14	7
20170301	2	56	8	0	0
20170301	3	529	20	12	3
20170301	4	657	357	14	0
20170301	5	35	3	0	0
20170301	8	1	0	0	0
20170301	10	53	0	0	0
20170301	11	2	0	0	0
20170301	12	10	0	0	0
20170301	13	5	0	0	0
20170301	14	214	11	17	0
20170301	15	2	0	0	0
20170301	100	30	6	0	0
20170301	102	28	2	0	0
20170301	103	1	0	0	0
20170301	104	1341	46	10	0
20170301	105	4	0	0	0
20170301	828	2	0	0	0
20170401	0	33747	11280	821	40
20170401	1	239	18	3	0
20170401	2	31	10	1	0
20170401	3	283	17	7	1
20170401	4	388	216	6	0
20170401	5	14	1	0	0
20170401	8	1	0	0	0
20170401	10	33	0	0	0
20170401	11	1	0	0	0
20170401	12	12	0	0	0
20170401	13	1	0	0	0
20170401	14	98	11	2	0
20170401	100	20	1	0	0
20170401	102	12	0	0	0
20170401	104	882	38	4	0
