month	page_namespace	n
200212	0	32284
200212	1	4
200212	2	2
200212	3	1
200303	0	5
200304	0	8
200305	0	116
200305	2	2
200306	0	6086
200306	1	2
200306	2	3
200306	3	2
200306	4	4
200307	0	10303
200307	1	3801
200307	3	9
200308	0	69
200309	0	47
200309	2	3
200310	0	1923
200310	1	35
200310	2	35
200310	3	6
200310	4	13
200310	5	2
200310	100	12
200311	0	316
200311	1	2
200311	2	9
200311	3	4
200311	4	4
200311	13	1
200311	100	2
200312	0	7284
200312	1	16
200312	2	14
200312	3	7
200312	4	4
200312	5	5
200312	8	44
200312	100	15
200401	0	496
200401	1	1
200401	4	2
200401	100	6
200402	0	2362
200402	1	16
200402	2	10
200402	3	6
200402	4	12
200402	5	1
200402	8	1
200402	100	7
200403	0	3308
200403	1	127
200403	2	105
200403	3	20
200403	4	58
200403	5	11
200403	6	1
200403	12	1
200403	13	1
200403	100	8
200404	0	766
200404	1	1
200404	4	5
200404	5	1
200405	0	1454
200405	2	3
200405	3	1
200405	4	6
200405	8	139
200406	0	38237
200406	1	3654
200406	2	207
200406	3	4175
200406	4	319
200406	5	143
200406	6	239
200406	7	1
200406	8	225
200406	9	3
200406	10	34
200406	11	36
200406	12	2
200406	14	6
200406	15	1
200406	100	1
200407	0	54523
200407	1	438
200407	2	159
200407	3	159
200407	4	99
200407	5	61
200407	6	1
200407	10	2
200407	11	1
200407	14	32
200407	15	1
200407	100	49
200408	0	38098
200408	1	102
200408	2	27
200408	3	5
200408	4	11
200408	6	2
200408	14	1826
200408	100	6
200409	0	28547
200409	1	682
200409	2	60
200409	3	18
200409	4	48
200409	5	14
200409	10	2
200409	12	5
200409	13	2
200409	14	1211
200409	100	2
200410	0	44076
200410	1	17
200410	2	6
200410	3	9
200410	4	26
200410	6	2
200410	10	1
200410	14	168
200410	100	21
200410	118	1
200411	0	104882
200411	1	14
200411	2	23
200411	3	13
200411	4	13
200411	5	1
200411	6	3
200411	14	2289
200411	100	28
200412	0	51935
200412	1	30
200412	2	584
200412	3	1615
200412	4	69
200412	5	6
200412	6	3
200412	8	83
200412	9	2
200412	10	20
200412	11	5
200412	12	1
200412	14	264
200412	100	16
200501	0	6062
200501	1	36
200501	2	11
200501	3	5
200501	4	9
200501	5	15
200501	10	32
200501	14	376
200501	15	1
200501	100	6
200502	0	4170
200502	1	4
200502	2	91
200502	3	5
200502	4	35
200502	5	6
200502	10	21
200502	11	1
200502	14	64
200502	100	1
200503	0	21363
200503	1	171
200503	2	547
200503	3	27
200503	4	353
200503	5	46
200503	6	3
200503	10	71
200503	12	1
200503	14	441
200503	100	19
200504	0	34186
200504	1	1092
200504	2	558
200504	3	16
200504	4	624
200504	5	22
200504	6	18
200504	10	19
200504	11	6
200504	12	1
200504	14	352
200504	100	14
200505	0	33947
200505	1	80
200505	2	663
200505	3	20
200505	4	1886
200505	5	56
200505	6	207
200505	9	1
200505	10	23
200505	11	3
200505	14	1273
200505	15	1
200505	100	67
200506	0	29898
200506	1	160
200506	2	963
200506	3	321
200506	4	1249
200506	5	54
200506	6	44
200506	8	112
200506	10	272
200506	11	5
200506	14	1099
200506	100	17
200506	118	1
200507	0	39026
200507	1	35
200507	2	262
200507	3	10
200507	4	766
200507	5	3
200507	6	5
200507	7	1
200507	8	4
200507	10	23
200507	14	810
200507	100	23
200507	118	2
200508	0	38272
200508	1	48
200508	2	570
200508	3	61
200508	4	1686
200508	5	38
200508	6	1
200508	8	1
200508	9	1
200508	10	102
200508	11	16
200508	12	2
200508	14	2016
200508	100	14
200509	0	73199
200509	1	39
200509	2	760
200509	3	105
200509	4	39915
200509	5	672
200509	6	47
200509	8	10
200509	9	2
200509	10	333
200509	11	28
200509	12	5
200509	14	1128
200509	15	1
200509	100	46
200509	101	1
200509	118	1
200510	0	62111
200510	1	134
200510	2	1509
200510	3	41
200510	4	6776
200510	5	118
200510	6	7
200510	8	2
200510	10	215
200510	11	8
200510	12	2
200510	14	8897
200510	100	75
200511	0	114168
200511	1	397
200511	2	1590
200511	3	4906
200511	4	4692
200511	5	159
200511	6	83
200511	7	1
200511	8	1
200511	10	241
200511	11	12
200511	12	179
200511	13	173
200511	14	4076
200511	15	2
200511	100	54
200511	101	10
200511	118	1
200512	0	74799
200512	1	209
200512	2	3254
200512	3	483
200512	4	4581
200512	5	148
200512	6	120
200512	8	10
200512	9	7
200512	10	876
200512	11	18
200512	12	88
200512	13	92
200512	14	6014
200512	15	4
200512	100	71
200601	0	112155
200601	1	142
200601	2	5338
200601	3	5433
200601	4	4864
200601	5	107
200601	6	104
200601	10	473
200601	11	6
200601	12	84
200601	13	67
200601	14	3481
200601	15	1
200601	100	91
200601	118	1
200602	0	117857
200602	1	3443
200602	2	5878
200602	3	47029
200602	4	4877
200602	5	142
200602	6	149
200602	7	4
200602	8	1
200602	9	4
200602	10	208
200602	11	15
200602	12	4
200602	14	4436
200602	15	4
200602	100	41
200602	101	8
200602	118	2
200603	0	256826
200603	1	560
200603	2	6618
200603	3	51024
200603	4	4936
200603	5	166
200603	6	387
200603	7	15
200603	8	1
200603	9	15
200603	10	492
200603	11	22
200603	12	14
200603	13	1
200603	14	2649
200603	15	53
200603	100	136
200603	101	13
200603	118	3
200604	0	143107
200604	1	764
200604	2	5029
200604	3	21162
200604	4	3992
200604	5	85
200604	6	594
200604	10	234
200604	11	3
200604	12	16
200604	14	4810
200604	15	4
200604	100	193
200604	101	1
200605	0	126734
200605	1	3465
200605	2	5615
200605	3	16326
200605	4	4861
200605	5	146
200605	6	379
200605	10	293
200605	11	6
200605	12	4
200605	13	2
200605	14	2482
200605	15	1
200605	100	71
200605	118	2
200606	0	128952
200606	1	1708
200606	2	8560
200606	3	19854
200606	4	9530
200606	5	377
200606	6	771
200606	9	2
200606	10	369
200606	11	75
200606	12	12
200606	13	3
200606	14	6079
200606	15	236
200606	100	188
200606	101	2
200606	118	3
200607	0	187336
200607	1	4570
200607	2	17743
200607	3	29761
200607	4	11717
200607	5	128
200607	6	496
200607	7	304
200607	8	2
200607	10	223
200607	11	10
200607	12	12
200607	14	2112
200607	15	800
200607	100	104
200607	101	16
200607	118	3
200608	0	235882
200608	1	165510
200608	2	18020
200608	3	31382
200608	4	23270
200608	5	266
200608	6	672
200608	7	365
200608	8	2
200608	10	376
200608	11	51
200608	12	10
200608	13	1
200608	14	5872
200608	15	5330
200608	100	239
200608	101	19
200608	118	6
200608	119	5
200609	0	172062
200609	1	51458
200609	2	20637
200609	3	32904
200609	4	28595
200609	5	303
200609	6	468
200609	7	6
200609	10	555
200609	11	15
200609	12	58
200609	13	7
200609	14	10916
200609	15	285
200609	100	130
200609	101	3
200609	118	7
200610	0	197942
200610	1	37727
200610	2	25252
200610	3	46119
200610	4	38688
200610	5	327
200610	6	551
200610	7	1
200610	8	2
200610	9	1
200610	10	359
200610	11	86
200610	12	44
200610	13	4
200610	14	13379
200610	15	130
200610	100	81
200610	101	1
200610	118	8
200610	119	3
200611	0	190284
200611	1	23708
200611	2	8319
200611	3	43903
200611	4	43850
200611	5	448
200611	6	678
200611	7	6
200611	9	6
200611	10	294
200611	11	63
200611	12	51
200611	13	3
200611	14	9306
200611	15	716
200611	100	124
200611	101	1
200611	118	3
200611	119	1
200612	0	224928
200612	1	22643
200612	2	11293
200612	3	48316
200612	4	55106
200612	5	1571
200612	6	1069
200612	7	221
200612	9	29
200612	10	267
200612	11	147
200612	12	116
200612	13	92
200612	14	15147
200612	15	433
200612	100	191
200612	101	37
200612	118	5
200701	0	210826
200701	1	52392
200701	2	29261
200701	3	56957
200701	4	79883
200701	5	1253
200701	6	836
200701	7	107
200701	9	27
200701	10	809
200701	11	144
200701	12	14
200701	13	9
200701	14	6802
200701	15	1728
200701	100	212
200701	101	42
200701	118	5
200701	119	2
200702	0	228802
200702	1	73292
200702	2	58606
200702	3	57263
200702	4	83119
200702	5	1557
200702	6	588
200702	7	116
200702	9	15
200702	10	1009
200702	11	168
200702	12	7
200702	13	12
200702	14	10445
200702	15	709
200702	100	131
200702	101	49
200702	118	5
200702	829	2
200703	0	256659
200703	1	127735
200703	2	31228
200703	3	61516
200703	4	77820
200703	5	1772
200703	6	1205
200703	7	558
200703	9	14
200703	10	917
200703	11	314
200703	12	26
200703	13	17
200703	14	14136
200703	15	2452
200703	100	181
200703	101	34
200703	118	5
200703	119	1
200704	0	263919
200704	1	233540
200704	2	29951
200704	3	60748
200704	4	82994
200704	5	1796
200704	6	766
200704	7	99
200704	9	33
200704	10	593
200704	11	136
200704	12	32
200704	13	12
200704	14	21148
200704	15	1217
200704	100	210
200704	101	49
200704	118	13
200704	119	1
200705	0	219656
200705	1	42417
200705	2	32618
200705	3	118076
200705	4	109921
200705	5	3186
200705	6	1330
200705	7	98
200705	9	104
200705	10	744
200705	11	422
200705	12	39
200705	13	37
200705	14	15888
200705	15	189
200705	100	742
200705	101	99
200705	118	3
200705	119	2
200705	829	2
200706	0	240879
200706	1	94549
200706	2	29179
200706	3	96590
200706	4	80794
200706	5	1683
200706	6	7091
200706	7	422
200706	9	46
200706	10	834
200706	11	109
200706	12	21
200706	13	4
200706	14	6157
200706	15	294
200706	100	253
200706	101	62
200706	118	3
200707	0	234751
200707	1	68289
200707	2	28536
200707	3	68371
200707	4	71153
200707	5	1756
200707	6	2847
200707	7	3
200707	9	33
200707	10	944
200707	11	75
200707	12	9
200707	13	2
200707	14	5963
200707	15	7
200707	100	158
200707	101	36
200707	118	4
200707	829	1
200708	0	261979
200708	1	79014
200708	2	29845
200708	3	60578
200708	4	72409
200708	5	2138
200708	6	1221
200708	7	93
200708	9	36
200708	10	1727
200708	11	116
200708	12	5
200708	13	5
200708	14	6409
200708	15	407
200708	100	261
200708	101	33
200708	118	4
200708	119	1
200709	0	301321
200709	1	95315
200709	2	28828
200709	3	74366
200709	4	84530
200709	5	2373
200709	6	3404
200709	7	43
200709	9	42
200709	10	1256
200709	11	316
200709	12	14
200709	13	20
200709	14	8102
200709	15	156
200709	100	562
200709	101	66
200709	118	6
200709	119	5
200710	0	359698
200710	1	83439
200710	2	42264
200710	3	90546
200710	4	84087
200710	5	2431
200710	6	6298
200710	7	99
200710	9	35
200710	10	1512
200710	11	317
200710	12	11
200710	13	25
200710	14	6448
200710	15	496
200710	100	212
200710	101	72
200710	118	10
200710	119	3
200711	0	327680
200711	1	89862
200711	2	42113
200711	3	78479
200711	4	103604
200711	5	2327
200711	6	3871
200711	7	55
200711	9	47
200711	10	1524
200711	11	295
200711	12	21
200711	13	17
200711	14	19685
200711	15	145
200711	100	202
200711	101	38
200711	118	6
200712	0	422958
200712	1	50460
200712	2	50603
200712	3	63732
200712	4	100868
200712	5	2442
200712	6	14526
200712	7	36
200712	9	34
200712	10	1813
200712	11	206
200712	12	9
200712	13	15
200712	14	8080
200712	15	2843
200712	100	621
200712	101	71
200712	118	8
200801	0	230078
200801	1	152567
200801	2	49339
200801	3	102390
200801	4	86310
200801	5	2897
200801	6	11401
200801	7	94
200801	9	32
200801	10	1810
200801	11	254
200801	12	10
200801	13	22
200801	14	5437
200801	15	170
200801	100	1230
200801	101	79
200801	118	3
200801	119	5
200801	829	3
200802	0	273265
200802	1	79604
200802	2	44646
200802	3	106222
200802	4	119235
200802	5	3514
200802	6	9317
200802	7	107
200802	9	22
200802	10	1324
200802	11	246
200802	12	23
200802	13	37
200802	14	10051
200802	15	62
200802	100	1905
200802	101	242
200802	118	3
200802	829	6
200803	0	516024
200803	1	86989
200803	2	55233
200803	3	73871
200803	4	111692
200803	5	3076
200803	6	7103
200803	7	124
200803	9	17
200803	10	2375
200803	11	579
200803	12	97
200803	13	32
200803	14	18260
200803	15	797
200803	100	2122
200803	101	159
200803	118	6
200803	829	2
200804	0	232191
200804	1	44534
200804	2	54418
200804	3	86591
200804	4	91605
200804	5	3361
200804	6	20535
200804	7	83
200804	9	25
200804	10	4424
200804	11	174
200804	12	22
200804	13	49
200804	14	35731
200804	15	640
200804	100	2121
200804	101	93
200804	118	2
200804	829	2
200805	0	294783
200805	1	103580
200805	2	41807
200805	3	75914
200805	4	121031
200805	5	3349
200805	6	6026
200805	7	257
200805	9	34
200805	10	4573
200805	11	284
200805	12	14
200805	13	65
200805	14	15917
200805	15	1132
200805	100	2151
200805	101	115
200805	118	7
200805	119	2
200806	0	364892
200806	1	126181
200806	2	36505
200806	3	52925
200806	4	132465
200806	5	3245
200806	6	2584
200806	7	128
200806	9	18
200806	10	2984
200806	11	379
200806	12	13
200806	13	49
200806	14	26672
200806	15	2245
200806	100	2179
200806	101	73
200806	118	21
200806	119	2
200807	0	334847
200807	1	83413
200807	2	34327
200807	3	44933
200807	4	124429
200807	5	4564
200807	6	2032
200807	7	99
200807	9	12
200807	10	12418
200807	11	534
200807	12	5
200807	13	47
200807	14	20542
200807	15	783
200807	100	2149
200807	101	64
200807	118	4
200807	119	2
200808	0	367928
200808	1	39562
200808	2	42777
200808	3	78857
200808	4	115091
200808	5	3343
200808	6	2460
200808	7	77
200808	9	17
200808	10	3554
200808	11	358
200808	12	35
200808	13	53
200808	14	17627
200808	15	4237
200808	100	1701
200808	101	100
200808	118	4
200808	119	2
200809	0	580027
200809	1	63885
200809	2	41651
200809	3	45633
200809	4	138520
200809	5	4564
200809	6	7960
200809	7	882
200809	9	8
200809	10	3083
200809	11	789
200809	12	4
200809	13	44
200809	14	13363
200809	15	1377
200809	100	2241
200809	101	83
200809	118	6
200809	119	2
200810	0	487725
200810	1	40701
200810	2	44727
200810	3	47738
200810	4	126934
200810	5	3484
200810	6	9678
200810	7	87
200810	9	32
200810	10	2972
200810	11	231
200810	12	425
200810	13	39
200810	14	23075
200810	15	122
200810	100	1896
200810	101	94
200810	118	6
200810	119	3
200810	829	1
200811	0	417220
200811	1	127525
200811	2	52511
200811	3	41512
200811	4	84902
200811	5	3110
200811	6	13056
200811	7	94
200811	9	27
200811	10	3244
200811	11	225
200811	12	10
200811	13	43
200811	14	19171
200811	15	160
200811	100	1974
200811	101	79
200811	118	4
200811	829	17
200812	0	404104
200812	1	88925
200812	2	45086
200812	3	39995
200812	4	115285
200812	5	2971
200812	6	11694
200812	7	43
200812	9	24
200812	10	3957
200812	11	204
200812	12	5
200812	13	17
200812	14	16956
200812	15	209
200812	100	2136
200812	101	51
200812	118	4
200812	119	1
200812	829	23
200901	0	315092
200901	1	100894
200901	2	43016
200901	3	50188
200901	4	97923
200901	5	3717
200901	6	8164
200901	7	5
200901	9	23
200901	10	5005
200901	11	481
200901	12	46
200901	13	48
200901	14	17857
200901	15	2265
200901	100	3302
200901	101	61
200901	118	2
200901	829	29
200902	0	399362
200902	1	85573
200902	2	45748
200902	3	48999
200902	4	78102
200902	5	4900
200902	6	22865
200902	7	66
200902	9	32
200902	10	3399
200902	11	634
200902	12	4
200902	13	50
200902	14	23011
200902	15	272
200902	100	2360
200902	101	51
200902	118	8
200902	119	2
200902	829	26
200903	0	342544
200903	1	278188
200903	2	52242
200903	3	51814
200903	4	117846
200903	5	5690
200903	6	43177
200903	7	142
200903	9	29
200903	10	3168
200903	11	508
200903	12	28
200903	13	48
200903	14	25280
200903	15	5757
200903	100	2259
200903	101	86
200903	118	11
200903	119	4
200903	829	21
200904	0	285096
200904	1	168551
200904	2	47296
200904	3	38130
200904	4	122154
200904	5	4146
200904	6	3979
200904	7	154
200904	9	23
200904	10	3288
200904	11	661
200904	12	21
200904	13	60
200904	14	16531
200904	15	2896
200904	100	1671
200904	101	77
200904	118	24
200904	119	4
200904	829	31
200905	0	447127
200905	1	197795
200905	2	38993
200905	3	40089
200905	4	108409
200905	5	4489
200905	6	1198
200905	7	113
200905	9	46
200905	10	4797
200905	11	780
200905	12	42
200905	13	72
200905	14	19155
200905	15	919
200905	100	1990
200905	101	110
200905	118	22
200905	829	28
200906	0	329146
200906	1	164222
200906	2	47701
200906	3	35988
200906	4	133904
200906	5	3815
200906	6	3239
200906	7	111
200906	9	44
200906	10	8445
200906	11	389
200906	12	17
200906	13	50
200906	14	20774
200906	15	1374
200906	100	2726
200906	101	1032
200906	118	10
200906	119	1
200906	829	15
200907	0	273746
200907	1	117150
200907	2	46982
200907	3	32742
200907	4	139055
200907	5	4190
200907	6	11160
200907	7	667
200907	9	26
200907	10	6925
200907	11	1128
200907	12	10
200907	13	40
200907	14	14027
200907	15	3038
200907	100	1569
200907	101	64
200907	118	2
200907	119	2
200907	829	5
200908	0	303888
200908	1	64867
200908	2	44079
200908	3	37289
200908	4	141822
200908	5	4333
200908	6	342
200908	7	204
200908	9	22
200908	10	16152
200908	11	2105
200908	12	6
200908	13	45
200908	14	14520
200908	15	2646
200908	100	1879
200908	101	56
200908	118	5
200908	119	1
200908	829	16
200909	0	413731
200909	1	71686
200909	2	36344
200909	3	37627
200909	4	134676
200909	5	4189
200909	6	38060
200909	7	57
200909	9	82
200909	10	22493
200909	11	384
200909	12	29
200909	13	28
200909	14	13841
200909	15	455
200909	100	1725
200909	101	34
200909	118	6
200909	829	3
200910	0	285818
200910	1	132472
200910	2	44758
200910	3	34841
200910	4	135125
200910	5	4229
200910	6	145
200910	7	9202
200910	9	38
200910	10	4323
200910	11	533
200910	12	12
200910	13	46
200910	14	16583
200910	15	777
200910	100	1302
200910	101	460
200910	108	96
200910	118	2
200910	829	4
200911	0	313364
200911	1	51234
200911	2	40380
200911	3	32294
200911	4	130345
200911	5	3536
200911	6	370
200911	7	70
200911	9	23
200911	10	3243
200911	11	337
200911	12	33
200911	13	40
200911	14	20740
200911	15	468
200911	100	1389
200911	101	55
200911	118	2
200911	119	2
200911	829	18
200912	0	917419
200912	1	140733
200912	2	38691
200912	3	32795
200912	4	125967
200912	5	3588
200912	6	1852
200912	7	290
200912	9	22
200912	10	3558
200912	11	518
200912	12	82
200912	13	33
200912	14	21085
200912	15	3268
200912	100	2416
200912	101	102
200912	118	15
200912	119	6
200912	829	8
201001	0	218885
201001	1	111103
201001	2	59601
201001	3	72252
201001	4	107531
201001	5	5626
201001	6	153
201001	7	154
201001	9	35
201001	10	2491
201001	11	379
201001	12	3
201001	13	59
201001	14	18374
201001	15	3264
201001	100	2533
201001	101	81
201001	108	8
201001	109	6
201001	118	2
201001	119	2
201001	829	7
201002	0	314302
201002	1	56153
201002	2	55600
201002	3	35019
201002	4	69833
201002	5	3461
201002	6	899
201002	7	150
201002	9	28
201002	10	4426
201002	11	403
201002	12	15
201002	13	58
201002	14	27769
201002	15	373
201002	100	1569
201002	101	84
201002	108	6
201002	109	119
201002	118	2
201002	119	2
201002	829	6
201003	0	286935
201003	1	154872
201003	2	54206
201003	3	46240
201003	4	76004
201003	5	3912
201003	6	12595
201003	7	1696
201003	9	30
201003	10	2772
201003	11	1294
201003	12	21
201003	13	55
201003	14	31335
201003	15	2394
201003	100	1807
201003	101	110
201003	108	534
201003	109	852
201003	118	5
201003	119	7
201003	829	5
201004	0	341633
201004	1	252245
201004	2	63700
201004	3	35295
201004	4	87332
201004	5	4786
201004	6	3245
201004	7	133
201004	9	34
201004	10	5506
201004	11	610
201004	12	22
201004	13	50
201004	14	20372
201004	15	1787
201004	100	9218
201004	101	86
201004	108	661
201004	109	216
201004	118	7
201004	119	4
201004	829	19
201005	0	327065
201005	1	121012
201005	2	67444
201005	3	36531
201005	4	77337
201005	5	4144
201005	6	593
201005	7	700
201005	9	23
201005	10	6581
201005	11	697
201005	12	38
201005	13	51
201005	14	22713
201005	15	2931
201005	100	2018
201005	101	78
201005	108	2630
201005	109	512
201005	118	1
201005	119	3
201005	829	17
201006	0	528243
201006	1	111027
201006	2	65413
201006	3	36114
201006	4	69167
201006	5	3819
201006	6	10886
201006	7	602
201006	9	22
201006	10	23695
201006	11	966
201006	12	13
201006	13	53
201006	14	31463
201006	15	779
201006	100	2354
201006	101	103
201006	108	466
201006	109	158
201006	118	9
201006	119	6
201006	829	6
201007	0	283981
201007	1	96449
201007	2	55110
201007	3	32478
201007	4	68199
201007	5	4163
201007	6	1112
201007	7	210
201007	9	24
201007	10	7060
201007	11	431
201007	12	12
201007	13	71
201007	14	18947
201007	15	2827
201007	100	1794
201007	101	53
201007	108	70
201007	109	82
201007	118	2
201007	119	1
201007	829	15
201008	0	390128
201008	1	64211
201008	2	54586
201008	3	63991
201008	4	89865
201008	5	4024
201008	6	1374
201008	7	106
201008	9	24
201008	10	6743
201008	11	1983
201008	12	11
201008	13	63
201008	14	22123
201008	15	1420
201008	100	2307
201008	101	82
201008	108	47
201008	109	85
201008	118	9
201008	119	1
201008	829	76
201009	0	520270
201009	1	47331
201009	2	65120
201009	3	128217
201009	4	71231
201009	5	6132
201009	6	912
201009	7	74
201009	9	9
201009	10	5994
201009	11	606
201009	12	8
201009	13	68
201009	14	64263
201009	15	381
201009	100	2324
201009	101	103
201009	108	45
201009	109	51
201009	118	15
201009	119	1
201009	829	22
201010	0	651104
201010	1	66075
201010	2	58905
201010	3	53571
201010	4	79129
201010	5	4918
201010	6	7207
201010	7	64
201010	9	41
201010	10	7060
201010	11	542
201010	12	6
201010	13	86
201010	14	117254
201010	15	170
201010	100	2538
201010	101	97
201010	109	1
201010	118	10
201010	119	1
201010	829	4
201011	0	578699
201011	1	167471
201011	2	49072
201011	3	89405
201011	4	75581
201011	5	4221
201011	6	1111
201011	7	250
201011	9	19
201011	10	8699
201011	11	980
201011	12	8
201011	13	51
201011	14	25145
201011	15	5545
201011	100	2007
201011	101	49
201011	108	3
201011	109	78
201011	118	9
201011	119	8
201011	829	21
201012	0	520893
201012	1	47161
201012	2	53196
201012	3	79311
201012	4	80678
201012	5	3753
201012	6	4666
201012	7	130
201012	9	20
201012	10	7692
201012	11	375
201012	12	36
201012	13	48
201012	14	19139
201012	15	2776
201012	100	1525
201012	101	29
201012	108	1
201012	109	15
201012	118	15
201012	829	35
201101	0	484551
201101	1	92312
201101	2	49149
201101	3	95532
201101	4	85436
201101	5	4015
201101	6	2993
201101	7	78
201101	9	15
201101	10	7324
201101	11	643
201101	12	39
201101	13	56
201101	14	29081
201101	15	440
201101	100	1133
201101	101	59
201101	109	16
201101	118	17
201101	829	12
201102	0	333836
201102	1	50383
201102	2	47385
201102	3	78849
201102	4	73058
201102	5	3282
201102	6	3743
201102	7	15746
201102	9	15
201102	10	5311
201102	11	377
201102	12	20
201102	13	42
201102	14	21043
201102	15	443
201102	100	966
201102	101	32
201102	108	2
201102	109	1908
201102	118	24
201102	119	1
201102	829	14
201103	0	326953
201103	1	31625
201103	2	44371
201103	3	77810
201103	4	78360
201103	5	3377
201103	6	1653
201103	7	94
201103	9	18
201103	10	11174
201103	11	365
201103	12	7
201103	13	73
201103	14	21772
201103	15	1068
201103	100	1850
201103	101	32
201103	108	1
201103	109	4814
201103	118	10
201103	829	9
201104	0	488375
201104	1	26929
201104	2	32157
201104	3	38119
201104	4	67704
201104	5	3357
201104	6	1201
201104	7	63
201104	9	21
201104	10	12551
201104	11	299
201104	12	20
201104	13	53
201104	14	20075
201104	15	29
201104	100	1743
201104	101	541
201104	108	2
201104	109	4232
201104	118	17
201104	119	2
201104	828	2
201104	829	7
201105	0	374090
201105	1	39207
201105	2	52199
201105	3	76970
201105	4	83363
201105	5	3532
201105	6	1009
201105	7	56
201105	9	21
201105	10	6148
201105	11	310
201105	12	6
201105	13	51
201105	14	17519
201105	15	37
201105	100	1664
201105	101	18
201105	109	1284
201105	118	10
201105	829	16
201106	0	450993
201106	1	93885
201106	2	56591
201106	3	65243
201106	4	88333
201106	5	3621
201106	6	2250
201106	7	400
201106	9	17
201106	10	6456
201106	11	516
201106	12	22
201106	13	53
201106	14	26648
201106	15	640
201106	100	1772
201106	101	65
201106	108	2
201106	109	2411
201106	118	13
201106	119	4
201106	829	11
201107	0	482386
201107	1	46898
201107	2	58016
201107	3	65232
201107	4	84308
201107	5	3571
201107	6	5535
201107	7	308
201107	9	11
201107	10	6720
201107	11	483
201107	12	25
201107	13	69
201107	14	23525
201107	15	149
201107	100	1583
201107	101	62
201107	108	2
201107	109	2713
201107	118	24
201107	119	2
201107	829	27
201108	0	318738
201108	1	67325
201108	2	55078
201108	3	60873
201108	4	86038
201108	5	4867
201108	6	43355
201108	7	207
201108	9	19
201108	10	15972
201108	11	1477
201108	12	9
201108	13	50
201108	14	44819
201108	15	6772
201108	100	1909
201108	101	74
201108	108	5
201108	109	5334
201108	118	2
201108	119	3
201108	829	11
201109	0	463079
201109	1	42441
201109	2	53933
201109	3	71866
201109	4	77784
201109	5	4358
201109	6	249259
201109	7	58
201109	9	8
201109	10	8185
201109	11	459
201109	12	14
201109	13	58
201109	14	30083
201109	15	120
201109	100	1218
201109	101	81
201109	108	34
201109	109	3061
201109	118	21
201109	119	1
201109	829	7
201110	0	330896
201110	1	43973
201110	2	48134
201110	3	83536
201110	4	75091
201110	5	4468
201110	6	2721
201110	7	70
201110	9	18
201110	10	8831
201110	11	411
201110	12	9
201110	13	40
201110	14	32528
201110	15	26
201110	100	1235
201110	101	63
201110	108	8
201110	109	3794
201110	118	12
201110	119	1
201110	829	9
201111	0	246857
201111	1	51725
201111	2	42134
201111	3	82409
201111	4	69103
201111	5	4529
201111	6	43367
201111	7	1981
201111	9	24
201111	10	6645
201111	11	1005
201111	12	11
201111	13	56
201111	14	26152
201111	15	64
201111	100	823
201111	101	78
201111	108	5
201111	109	3451
201111	118	5
201111	119	1
201111	829	33
201112	0	312800
201112	1	106855
201112	2	52512
201112	3	89863
201112	4	74533
201112	5	3718
201112	6	177008
201112	7	74
201112	9	17
201112	10	8043
201112	11	789
201112	12	15
201112	13	39
201112	14	32701
201112	15	1501
201112	100	1038
201112	101	99
201112	108	4
201112	109	4711
201112	118	17
201112	119	1
201112	829	8
201201	0	419100
201201	1	60773
201201	2	58509
201201	3	92112
201201	4	91961
201201	5	3389
201201	6	16636
201201	7	68
201201	9	35
201201	10	9236
201201	11	824
201201	12	13
201201	13	47
201201	14	27072
201201	15	854
201201	100	1059
201201	101	68
201201	108	7
201201	109	4932
201201	118	11
201201	119	1
201201	829	2
201202	0	387281
201202	1	76570
201202	2	51612
201202	3	92529
201202	4	87461
201202	5	2967
201202	6	67105
201202	7	788
201202	9	20
201202	10	5340
201202	11	1240
201202	12	14
201202	13	36
201202	14	27011
201202	15	5124
201202	100	997
201202	101	311
201202	108	6
201202	109	4366
201202	118	14
201202	829	12
201203	0	396407
201203	1	29811
201203	2	53139
201203	3	86377
201203	4	76955
201203	5	2785
201203	6	68067
201203	7	94
201203	8	3
201203	9	23
201203	10	20784
201203	11	471
201203	12	31
201203	13	34
201203	14	23444
201203	15	58
201203	100	1612
201203	101	93
201203	108	6
201203	109	4733
201203	118	13
201203	119	1
201203	829	13
201204	0	296182
201204	1	32062
201204	2	57758
201204	3	82863
201204	4	76519
201204	5	3089
201204	6	870
201204	7	85
201204	8	1
201204	9	39
201204	10	10882
201204	11	374
201204	12	16
201204	13	54
201204	14	24769
201204	15	66
201204	100	1271
201204	101	75
201204	108	6
201204	109	5098
201204	118	92
201204	119	2
201204	829	18
201205	0	508888
201205	1	25764
201205	2	46704
201205	3	71998
201205	4	74194
201205	5	3116
201205	6	352
201205	7	72
201205	8	2
201205	9	18
201205	10	19253
201205	11	484
201205	12	9
201205	13	71
201205	14	37347
201205	15	232
201205	100	1026
201205	101	71
201205	108	7
201205	109	3776
201205	118	11
201205	829	16
201206	0	292261
201206	1	30754
201206	2	51768
201206	3	62873
201206	4	67421
201206	5	3114
201206	6	1098
201206	7	88
201206	8	1
201206	9	30
201206	10	11241
201206	11	337
201206	12	17
201206	13	38
201206	14	30728
201206	15	76
201206	100	895
201206	101	72
201206	108	5
201206	109	7364
201206	118	19
201206	829	19
201207	0	383432
201207	1	119154
201207	2	44600
201207	3	57298
201207	4	48756
201207	5	3175
201207	6	47678
201207	7	63
201207	8	1
201207	9	27
201207	10	23053
201207	11	319
201207	12	9
201207	13	37
201207	14	37134
201207	15	490
201207	100	1081
201207	101	60
201207	108	11
201207	109	2607
201207	118	13
201207	119	2
201207	829	9
201208	0	357098
201208	1	34192
201208	2	49492
201208	3	63823
201208	4	63260
201208	5	3746
201208	6	1999
201208	7	39
201208	9	27
201208	10	25428
201208	11	343
201208	13	53
201208	14	27682
201208	15	1857
201208	100	1077
201208	101	58
201208	108	8
201208	109	2314
201208	118	12
201208	829	5
201209	0	291149
201209	1	545717
201209	2	51143
201209	3	83652
201209	4	65697
201209	5	3862
201209	6	2233
201209	7	82
201209	9	15
201209	10	8778
201209	11	329
201209	12	14
201209	13	65
201209	14	24994
201209	15	4766
201209	100	2387
201209	101	113
201209	108	6
201209	109	2992
201209	118	8
201209	119	9
201209	829	13
201210	0	420756
201210	1	45940
201210	2	57996
201210	3	95035
201210	4	70681
201210	5	4063
201210	6	253138
201210	7	50
201210	8	1
201210	9	28
201210	10	16214
201210	11	920
201210	12	12
201210	13	60
201210	14	39445
201210	15	31
201210	100	852
201210	101	104
201210	108	9
201210	109	3264
201210	118	13
201210	119	2
201210	829	20
201211	0	556968
201211	1	27953
201211	2	56260
201211	3	87556
201211	4	62421
201211	5	4011
201211	6	5523
201211	7	81
201211	9	29
201211	10	10102
201211	11	1089
201211	12	15
201211	13	60
201211	14	28570
201211	15	29
201211	100	884
201211	101	109
201211	108	8
201211	118	22
201211	119	1
201211	829	2
201212	0	441813
201212	1	29319
201212	2	67293
201212	3	89255
201212	4	70809
201212	5	3397
201212	6	2389
201212	7	75
201212	8	1
201212	9	28
201212	10	12716
201212	11	380
201212	12	10
201212	13	45
201212	14	29930
201212	15	27
201212	100	877
201212	101	123
201212	108	7
201212	109	1
201212	118	17
201212	119	4
201212	829	19
201301	0	479835
201301	1	33847
201301	2	56808
201301	3	92202
201301	4	80180
201301	5	3808
201301	6	6866
201301	7	194
201301	8	2
201301	9	25
201301	10	10981
201301	11	435
201301	12	8
201301	13	51
201301	14	64091
201301	15	1338
201301	100	781
201301	101	90
201301	108	6
201301	109	3053
201301	118	19
201301	829	15
201302	0	1068402
201302	1	47276
201302	2	67327
201302	3	79435
201302	4	67623
201302	5	3676
201302	6	909
201302	7	94
201302	9	14
201302	10	22629
201302	11	352
201302	12	10
201302	13	53
201302	14	39990
201302	15	34
201302	100	1237
201302	101	86
201302	108	8
201302	109	3275
201302	118	17
201302	119	1
201302	828	4
201302	829	22
201303	0	1724655
201303	1	28414
201303	2	72847
201303	3	73931
201303	4	73247
201303	5	3859
201303	6	2084
201303	7	90
201303	9	23
201303	10	26002
201303	11	409
201303	12	127
201303	13	73
201303	14	305091
201303	15	659
201303	100	1065
201303	101	106
201303	108	9
201303	109	4376
201303	118	37
201303	828	11
201303	829	32
201304	0	278969
201304	1	61037
201304	2	39627
201304	3	83868
201304	4	67074
201304	5	4424
201304	6	5670
201304	7	303
201304	8	2
201304	9	32
201304	10	16669
201304	11	460
201304	12	26
201304	13	46
201304	14	46120
201304	15	1925
201304	100	1067
201304	101	93
201304	108	17
201304	109	2549
201304	118	50
201304	829	3
201305	0	149110
201305	1	60739
201305	2	47366
201305	3	84000
201305	4	71215
201305	5	3287
201305	6	16603
201305	7	78
201305	9	17
201305	10	16660
201305	11	357
201305	12	13
201305	13	51
201305	14	3056
201305	15	1506
201305	100	576
201305	101	75
201305	108	7
201305	109	41
201305	118	12
201305	447	1
201305	829	5
201306	0	157915
201306	1	94308
201306	2	49258
201306	3	73727
201306	4	84418
201306	5	3508
201306	6	16289
201306	7	96
201306	8	2
201306	9	18
201306	10	11857
201306	11	305
201306	12	10
201306	13	51
201306	14	880
201306	15	3070
201306	100	725
201306	101	96
201306	108	6
201306	109	89
201306	118	22
201306	829	3
201307	0	111101
201307	1	82019
201307	2	47792
201307	3	61732
201307	4	82416
201307	5	3592
201307	6	5046
201307	7	36
201307	9	12
201307	10	14922
201307	11	326
201307	12	15
201307	13	56
201307	14	1345
201307	15	2994
201307	100	823
201307	101	84
201307	108	10
201307	109	107
201307	118	38
201307	119	1
201307	710	1
201307	829	2
201308	0	212378
201308	1	57901
201308	2	41562
201308	3	138595
201308	4	82809
201308	5	3522
201308	6	2565
201308	7	71
201308	9	12
201308	10	15295
201308	11	374
201308	12	9
201308	13	34
201308	14	1676
201308	15	1543
201308	100	2146
201308	101	121
201308	108	7
201308	109	60
201308	118	24
201308	119	1
201308	829	2
201309	0	236051
201309	1	76729
201309	2	64882
201309	3	89748
201309	4	74463
201309	5	3407
201309	6	2610
201309	7	334
201309	8	2
201309	9	25
201309	10	9358
201309	11	317
201309	12	2
201309	13	40
201309	14	2385
201309	15	6349
201309	100	704
201309	101	118
201309	108	7
201309	109	6992
201309	118	69
201309	447	2
201309	710	2
201310	0	140408
201310	1	68280
201310	2	54191
201310	3	67334
201310	4	75004
201310	5	2228
201310	6	1946
201310	7	683
201310	8	3
201310	9	4
201310	10	8074
201310	11	614
201310	12	3
201310	13	25
201310	14	2186
201310	15	3187
201310	100	395
201310	101	98
201310	108	12
201310	109	5812
201310	118	15
201310	447	2
201310	829	18
201311	0	138472
201311	1	25900
201311	2	49493
201311	3	86928
201311	4	69612
201311	5	2849
201311	6	1829
201311	7	136
201311	8	2
201311	9	22
201311	10	10186
201311	11	17044
201311	13	43
201311	14	282
201311	15	192
201311	100	203
201311	101	140
201311	108	6
201311	109	4817
201311	118	15
201311	119	1
201311	829	129
201312	0	159971
201312	1	36770
201312	2	43597
201312	3	90966
201312	4	77685
201312	5	2912
201312	6	2203
201312	7	69
201312	9	24
201312	10	8607
201312	11	566
201312	12	5
201312	13	55
201312	14	38610
201312	15	59
201312	100	258
201312	101	182
201312	108	5
201312	109	6456
201312	118	16
201312	119	1
201312	828	1
201312	829	16
201401	0	252828
201401	1	28162
201401	2	60398
201401	3	105150
201401	4	103265
201401	5	3535
201401	6	4430
201401	7	117
201401	8	3
201401	9	145
201401	10	8380
201401	11	2096
201401	12	7
201401	13	75
201401	14	27835
201401	15	46
201401	100	364
201401	101	242
201401	108	5
201401	109	6261
201401	118	40
201401	119	1
201401	447	1
201401	828	2
201401	829	44
201402	0	164672
201402	1	19274
201402	2	54493
201402	3	94309
201402	4	76404
201402	5	3376
201402	6	3408
201402	7	72
201402	9	13
201402	10	8402
201402	11	473
201402	12	4
201402	13	39
201402	14	985
201402	15	23
201402	100	221
201402	101	149
201402	108	4
201402	109	5042
201402	118	25
201402	119	1
201402	447	1
201402	829	13
201403	0	178846
201403	1	21458
201403	2	57424
201403	3	98888
201403	4	79604
201403	5	3449
201403	6	2247
201403	7	89
201403	9	18
201403	10	8405
201403	11	569
201403	12	3
201403	13	51
201403	14	214
201403	15	147
201403	100	228
201403	101	103
201403	108	5
201403	109	5683
201403	118	27
201403	119	4
201403	829	43
201404	0	224662
201404	1	27057
201404	2	49866
201404	3	89397
201404	4	77437
201404	5	3365
201404	6	3831
201404	7	99
201404	8	1
201404	9	29
201404	10	7975
201404	11	460
201404	12	2
201404	13	59
201404	14	513
201404	15	441
201404	100	255
201404	101	97
201404	108	8
201404	109	2251
201404	118	28
201404	119	6
201404	828	1
201404	829	40
201405	0	192220
201405	1	51017
201405	2	45817
201405	3	88204
201405	4	63746
201405	5	3553
201405	6	22585
201405	7	807
201405	8	1
201405	9	15
201405	10	8612
201405	11	2047
201405	12	3
201405	13	74
201405	14	1293
201405	15	4850
201405	100	282
201405	101	265
201405	108	7
201405	109	3644
201405	118	62
201405	119	9
201405	829	29
201406	0	138838
201406	1	20121
201406	2	44315
201406	3	80238
201406	4	72983
201406	5	3286
201406	6	1797
201406	7	43
201406	9	18
201406	10	6472
201406	11	515
201406	12	5
201406	13	49
201406	14	919
201406	15	29
201406	100	587
201406	101	82
201406	108	11
201406	109	5547
201406	118	200
201406	119	17
201406	710	1
201406	829	26
201407	0	225872
201407	1	69286
201407	2	40353
201407	3	70856
201407	4	77005
201407	5	3035
201407	6	964
201407	7	439
201407	9	20
201407	10	7332
201407	11	2909
201407	12	6
201407	13	56
201407	14	1493
201407	15	6762
201407	100	189
201407	101	105
201407	108	6
201407	109	5591
201407	118	109
201407	119	14
201407	829	14
201408	0	147609
201408	1	43456
201408	2	43168
201408	3	74619
201408	4	76225
201408	5	3236
201408	6	940
201408	7	65
201408	8	1
201408	9	16
201408	10	17027
201408	11	1545
201408	12	5
201408	13	43
201408	14	1098
201408	15	322
201408	100	235
201408	101	77
201408	108	3
201408	109	5957
201408	118	100
201408	119	5
201408	829	31
201409	0	220138
201409	1	52127
201409	2	43154
201409	3	84535
201409	4	74316
201409	5	3015
201409	6	813
201409	7	50
201409	9	12
201409	10	6797
201409	11	589
201409	13	66
201409	14	1585
201409	15	1069
201409	100	201
201409	101	87
201409	108	5
201409	109	5906
201409	118	137
201409	119	10
201409	829	57
201410	0	122651
201410	1	47499
201410	2	42323
201410	3	83599
201410	4	82718
201410	5	5367
201410	6	876
201410	7	195
201410	8	2
201410	9	15
201410	10	6728
201410	11	1836
201410	12	12
201410	13	85
201410	14	287
201410	15	4544
201410	100	260
201410	101	84
201410	108	2
201410	109	6305
201410	118	150
201410	119	15
201410	829	28
201411	0	182983
201411	1	16230
201411	2	43990
201411	3	67747
201411	4	71673
201411	5	2888
201411	6	2290
201411	7	19
201411	9	16
201411	10	10435
201411	11	490
201411	12	34
201411	13	57
201411	14	1149
201411	15	44
201411	100	351
201411	101	75
201411	108	4
201411	109	5907
201411	118	158
201411	119	12
201411	447	1
201411	829	29
201412	0	175829
201412	1	70127
201412	2	60943
201412	3	71634
201412	4	78906
201412	5	3398
201412	6	2487
201412	7	1341
201412	9	14
201412	10	7690
201412	11	1618
201412	12	20
201412	13	82
201412	14	1238
201412	15	2404
201412	100	360
201412	101	173
201412	108	2
201412	109	6749
201412	118	196
201412	119	10
201412	828	1
201412	829	29
201501	0	178838
201501	1	28174
201501	2	67873
201501	3	72510
201501	4	85825
201501	5	6454
201501	6	2371
201501	7	31
201501	8	2
201501	9	30
201501	10	8117
201501	11	719
201501	12	4
201501	13	53
201501	14	1341
201501	15	200
201501	100	1720
201501	101	124
201501	108	2
201501	109	6799
201501	118	228
201501	119	23
201501	829	44
201502	0	157221
201502	1	36639
201502	2	76968
201502	3	71840
201502	4	89326
201502	5	3551
201502	6	1985
201502	7	127
201502	8	1
201502	9	44
201502	10	6969
201502	11	765
201502	12	3
201502	13	52
201502	14	429
201502	15	148
201502	100	870
201502	101	81
201502	108	7
201502	109	6243
201502	118	255
201502	119	21
201502	447	1
201502	829	45
201503	0	146293
201503	1	24023
201503	2	89124
201503	3	588287
201503	4	84054
201503	5	3219
201503	6	1580
201503	7	20
201503	8	1
201503	9	15
201503	10	7427
201503	11	723
201503	12	13
201503	13	80
201503	14	2253
201503	15	25
201503	100	3897
201503	101	84
201503	108	1
201503	109	7277
201503	118	203
201503	119	21
201503	829	54
201504	0	333549
201504	1	52465
201504	2	124294
201504	3	1097870
201504	4	78901
201504	5	4381
201504	6	1041
201504	7	90
201504	9	26
201504	10	8679
201504	11	916
201504	12	6
201504	13	98
201504	14	607
201504	15	2285
201504	100	2359
201504	101	75
201504	108	9
201504	109	6696
201504	118	187
201504	119	18
201504	829	52
201505	0	349882
201505	1	28395
201505	2	73420
201505	3	74487
201505	4	92055
201505	5	4581
201505	6	12283
201505	7	34
201505	9	16
201505	10	7150
201505	11	593
201505	12	5
201505	13	59
201505	14	3657
201505	15	806
201505	100	664
201505	101	106
201505	108	6
201505	109	7898
201505	118	170
201505	119	20
201505	829	49
201506	0	222073
201506	1	21102
201506	2	58545
201506	3	57811
201506	4	71070
201506	5	3464
201506	6	4272
201506	7	132
201506	9	18
201506	10	6449
201506	11	735
201506	12	2
201506	13	40
201506	14	1447
201506	15	215
201506	100	406
201506	101	206
201506	108	4
201506	109	5910
201506	118	189
201506	119	14
201506	829	42
201507	0	124617
201507	1	24760
201507	2	71078
201507	3	81616
201507	4	89464
201507	5	3033
201507	6	5348
201507	7	20
201507	8	1
201507	9	14
201507	10	17689
201507	11	548
201507	12	7
201507	13	43
201507	14	5826
201507	15	43
201507	100	219
201507	101	95
201507	108	5
201507	109	7462
201507	118	241
201507	119	19
201507	829	40
201508	0	195779
201508	1	40148
201508	2	73242
201508	3	66628
201508	4	90017
201508	5	3377
201508	6	2459
201508	7	13
201508	9	10
201508	10	7699
201508	11	547
201508	12	12
201508	13	40
201508	14	19193
201508	15	40
201508	100	395
201508	101	128
201508	108	3
201508	109	8461
201508	118	226
201508	119	20
201508	829	35
201509	0	191710
201509	1	21514
201509	2	79154
201509	3	97484
201509	4	94736
201509	5	4067
201509	6	3664
201509	7	12
201509	9	29
201509	10	9739
201509	11	527
201509	12	26
201509	13	85
201509	14	8153
201509	15	96
201509	100	229
201509	101	94
201509	108	5
201509	109	6718
201509	118	211
201509	119	22
201509	447	1
201509	829	27
201510	0	154723
201510	1	25155
201510	2	81647
201510	3	80002
201510	4	90891
201510	5	3508
201510	6	2990
201510	7	19
201510	9	23
201510	10	8540
201510	11	1257
201510	12	6
201510	13	51
201510	14	473
201510	15	39
201510	100	238
201510	101	116
201510	108	4
201510	109	13606
201510	118	324
201510	119	25
201510	828	1
201510	829	18
201511	0	113810
201511	1	39861
201511	2	71853
201511	3	188319
201511	4	91923
201511	5	3119
201511	6	1496
201511	7	10
201511	9	15
201511	10	7407
201511	11	460
201511	12	12
201511	13	78
201511	14	413
201511	15	4359
201511	100	200
201511	101	85
201511	108	6
201511	109	9683
201511	118	188
201511	119	13
201511	829	21
201512	0	145299
201512	1	32184
201512	2	72006
201512	3	70201
201512	4	97106
201512	5	3147
201512	6	4209
201512	7	18
201512	8	1
201512	9	29
201512	10	7837
201512	11	641
201512	12	47
201512	13	139
201512	14	444
201512	15	2334
201512	100	258
201512	101	78
201512	108	7
201512	109	8168
201512	118	232
201512	119	32
201512	829	31
201601	0	188577
201601	1	92701
201601	2	71837
201601	3	75389
201601	4	88290
201601	5	3210
201601	6	2807
201601	7	81
201601	8	1
201601	9	16
201601	10	7319
201601	11	744
201601	12	2
201601	13	52
201601	14	2256
201601	15	1064
201601	100	234
201601	101	108
201601	108	5
201601	109	9269
201601	118	265
201601	119	40
201601	447	1
201601	829	21
201602	0	389616
201602	1	127997
201602	2	63678
201602	3	92123
201602	4	85124
201602	5	2850
201602	6	3784
201602	7	16
201602	9	7
201602	10	7589
201602	11	592
201602	12	5
201602	13	75
201602	14	684
201602	15	6932
201602	100	138
201602	101	54
201602	108	2
201602	109	10883
201602	118	265
201602	119	18
201602	829	15
201603	0	536180
201603	1	118586
201603	2	64841
201603	3	225553
201603	4	94434
201603	5	2911
201603	6	3481
201603	7	13
201603	9	13
201603	10	8198
201603	11	745
201603	12	3
201603	13	66
201603	14	337
201603	15	4544
201603	100	223
201603	101	101
201603	108	4
201603	109	12990
201603	118	372
201603	119	30
201603	829	50
201604	0	415936
201604	1	169379
201604	2	73544
201604	3	136743
201604	4	99140
201604	5	3245
201604	6	3302
201604	7	5581
201604	9	20
201604	10	14533
201604	11	8729
201604	12	8
201604	13	81
201604	14	12383
201604	15	3415
201604	100	515
201604	101	211
201604	108	32
201604	109	2223
201604	118	405
201604	119	36
201604	828	1
201604	829	34
201605	0	432472
201605	1	71668
201605	2	68673
201605	3	96017
201605	4	96413
201605	5	2827
201605	6	2390
201605	7	13
201605	9	10
201605	10	7572
201605	11	689
201605	12	4
201605	13	61
201605	14	509
201605	15	447
201605	100	664
201605	101	87
201605	108	1
201605	109	2125
201605	118	437
201605	119	33
201605	829	21
201606	0	341169
201606	1	61670
201606	2	73034
201606	3	65558
201606	4	89943
201606	5	2980
201606	6	2296
201606	7	93
201606	9	9
201606	10	8436
201606	11	641
201606	12	4
201606	13	67
201606	14	429
201606	15	779
201606	100	730
201606	101	103
201606	108	2
201606	109	1986
201606	118	482
201606	119	88
201606	829	43
201607	0	200933
201607	1	87037
201607	2	87588
201607	3	54196
201607	4	94002
201607	5	2946
201607	6	14466
201607	7	4
201607	9	28
201607	10	8187
201607	11	25229
201607	12	1
201607	13	68
201607	14	351
201607	15	14596
201607	100	771
201607	101	108
201607	108	1
201607	109	2113
201607	118	729
201607	119	41
201607	829	34
201608	0	190814
201608	1	25725
201608	2	85622
201608	3	58210
201608	4	95072
201608	5	3068
201608	6	2483
201608	7	15
201608	9	62
201608	10	6519
201608	11	890
201608	12	7
201608	13	53
201608	14	3705
201608	15	577
201608	100	724
201608	101	107
201608	108	7
201608	109	1949
201608	118	528
201608	119	26
201608	447	2
201608	828	1
201608	829	28
201609	0	454920
201609	1	44824
201609	2	78543
201609	3	64299
201609	4	92410
201609	5	2831
201609	6	2369
201609	7	22
201609	9	39
201609	10	6996
201609	11	1145
201609	12	8
201609	13	54
201609	14	1667
201609	15	552
201609	100	582
201609	101	97
201609	108	6
201609	109	2053
201609	118	601
201609	119	43
201609	828	2
201609	829	137
201610	0	406863
201610	1	116769
201610	2	84529
201610	3	70004
201610	4	98916
201610	5	3302
201610	6	2565
201610	7	64
201610	9	66
201610	10	8293
201610	11	753
201610	12	4
201610	13	57
201610	14	542
201610	15	361
201610	100	659
201610	101	92
201610	108	4
201610	109	2034
201610	118	674
201610	119	45
201610	829	22
201611	0	564981
201611	1	110665
201611	2	77615
201611	3	145803
201611	4	98370
201611	5	3459
201611	6	2745
201611	7	19
201611	9	72
201611	10	7690
201611	11	739
201611	12	6
201611	13	79
201611	14	559
201611	15	502
201611	100	506
201611	101	82
201611	108	2
201611	109	1914
201611	118	1020
201611	119	45
201611	829	39
201612	0	415508
201612	1	87119
201612	2	75785
201612	3	98289
201612	4	75225
201612	5	3930
201612	6	5117
201612	7	29
201612	9	49
201612	10	8511
201612	11	3851
201612	12	5
201612	13	73
201612	14	773
201612	15	354
201612	100	770
201612	101	101
201612	108	2
201612	109	2200
201612	118	1051
201612	119	142
201612	829	27
201701	0	346012
201701	1	64280
201701	2	101057
201701	3	88163
201701	4	110361
201701	5	3964
201701	6	18480
201701	7	12
201701	9	46
201701	10	22601
201701	11	2087
201701	12	13
201701	13	54
201701	14	685
201701	15	162
201701	100	1007
201701	101	105
201701	108	7
201701	109	2122
201701	118	1017
201701	119	165
201701	829	20
201702	0	409900
201702	1	30141
201702	2	72268
201702	3	67546
201702	4	82885
201702	5	3700
201702	6	111011
201702	7	38
201702	9	45
201702	10	23771
201702	11	2306
201702	12	4
201702	13	58
201702	14	1547
201702	15	6152
201702	100	502
201702	101	102
201702	108	5
201702	109	2147
201702	118	905
201702	119	60
201702	447	2
201702	829	17
201703	0	492603
201703	1	32212
201703	2	66136
201703	3	73613
201703	4	82586
201703	5	4505
201703	6	17693
201703	7	8
201703	9	58
201703	10	11281
201703	11	1284
201703	12	6
201703	13	57
201703	14	738
201703	15	330
201703	100	588
201703	101	67
201703	108	2
201703	109	2168
201703	118	880
201703	119	41
201703	828	2
201703	829	27
201704	0	228204
201704	1	73568
201704	2	54544
201704	3	57398
201704	4	80277
201704	5	3257
201704	6	23309
201704	7	11
201704	9	41
201704	10	7590
201704	11	1126
201704	13	45
201704	14	350
201704	15	85
201704	100	500
201704	101	68
201704	108	12
201704	109	1636
201704	118	724
201704	119	46
201704	829	19
