month	page_namespace	n
200212	0	181
200212	2	8
200301	0	3
200301	2	1
200302	0	12
200302	1	1
200302	2	2
200302	4	1
200303	0	5
200305	0	22
200306	0	94
200306	2	3
200307	0	28
200308	0	1
200309	0	3
200310	0	17
200310	4	2
200310	5	2
200311	0	27
200311	2	1
200312	0	4721
200312	1	17
200312	2	16
200312	3	4
200312	4	3
200312	5	3
200312	8	24
200312	13	1
200312	100	1
200401	0	3248
200401	2	5
200401	3	1
200401	4	10
200401	12	4
200402	0	4634
200402	1	24
200402	2	37
200402	3	8
200402	4	16
200402	5	1
200402	12	4
200402	100	11
200403	0	15211
200403	1	134
200403	2	180
200403	3	23
200403	4	63
200403	5	14
200403	12	2
200403	100	81
200403	101	3
200404	0	5775
200404	1	40
200404	2	42
200404	3	9
200404	4	17
200404	5	1
200404	6	1
200404	100	28
200405	0	10108
200405	1	76
200405	2	128
200405	3	15
200405	4	60
200405	5	9
200405	8	86
200405	10	1
200405	100	31
200406	0	19847
200406	1	83
200406	2	174
200406	3	82
200406	4	199
200406	5	26
200406	8	62
200406	10	1
200406	11	1
200406	12	3
200406	14	3
200406	100	147
200406	101	4
200407	0	10780
200407	1	232
200407	2	181
200407	3	63
200407	4	135
200407	5	29
200407	6	4
200407	10	554
200407	12	13
200407	13	3
200407	14	2
200407	15	1
200407	100	24
200407	101	1
200408	0	14343
200408	1	258
200408	2	182
200408	3	42
200408	4	107
200408	5	18
200408	6	1
200408	10	255
200408	12	4
200408	14	121
200408	15	2
200408	100	79
200408	101	2
200409	0	3798
200409	1	42
200409	2	90
200409	3	69
200409	4	43
200409	5	11
200409	10	11
200409	12	3
200409	14	26
200409	100	20
200410	0	3129
200410	1	25
200410	2	72
200410	3	69
200410	4	95
200410	5	16
200410	6	3
200410	9	6
200410	10	6
200410	12	4
200410	13	1
200410	14	14
200410	100	26
200410	101	3
200411	0	11092
200411	1	132
200411	2	131
200411	3	48
200411	4	153
200411	5	24
200411	6	8
200411	7	1
200411	9	7
200411	10	3
200411	11	7
200411	12	2
200411	14	4
200411	100	16
200411	101	2
200412	0	12518
200412	1	60
200412	2	111
200412	3	86
200412	4	130
200412	5	6
200412	6	1
200412	8	33
200412	10	3
200412	11	2
200412	12	2
200412	13	2
200412	14	79
200412	15	1
200412	100	58
200412	101	1
200501	0	12817
200501	1	60
200501	2	101
200501	3	37
200501	4	137
200501	5	23
200501	6	1
200501	10	6
200501	14	227
200501	15	1
200501	100	30
200501	101	1
200502	0	11784
200502	1	38
200502	2	58
200502	3	68
200502	4	159
200502	5	44
200502	6	5
200502	9	1
200502	10	195
200502	11	5
200502	13	1
200502	14	37
200502	100	19
200502	101	2
200503	0	14083
200503	1	23
200503	2	67
200503	3	58
200503	4	200
200503	5	12
200503	6	25
200503	10	3
200503	14	26
200503	100	26
200503	101	1
200504	0	24100
200504	1	39
200504	2	132
200504	3	110
200504	4	195
200504	5	23
200504	6	9
200504	9	1
200504	10	8
200504	12	3
200504	14	36
200504	100	27
200504	101	1
200505	0	19977
200505	1	18
200505	2	121
200505	3	61
200505	4	189
200505	5	36
200505	6	8
200505	10	6
200505	12	5
200505	14	56
200505	100	18
200505	101	3
200506	0	17017
200506	1	18
200506	2	155
200506	3	55
200506	4	148
200506	5	17
200506	6	9
200506	8	18
200506	11	1
200506	14	27
200506	100	19
200507	0	27631
200507	1	14
200507	2	165
200507	3	96
200507	4	322
200507	5	31
200507	6	24
200507	8	12
200507	10	18
200507	11	1
200507	14	773
200507	100	26
200508	0	43132
200508	1	30
200508	2	199
200508	3	72
200508	4	186
200508	5	44
200508	6	31
200508	8	7
200508	9	2
200508	10	4
200508	12	3
200508	14	4274
200508	100	42
200509	0	17005
200509	1	10
200509	2	165
200509	3	126
200509	4	207
200509	5	22
200509	6	147
200509	8	3
200509	10	8
200509	14	430
200509	100	18
200510	0	36479
200510	1	21
200510	2	161
200510	3	97
200510	4	238
200510	5	12
200510	6	12
200510	8	1
200510	10	58
200510	12	3
200510	14	1844
200510	100	27
200510	101	4
200511	0	45248
200511	1	24
200511	2	208
200511	3	96
200511	4	152
200511	5	15
200511	6	10
200511	8	1
200511	10	10
200511	12	7
200511	14	1720
200511	100	33
200512	0	48376
200512	1	24
200512	2	398
200512	3	165
200512	4	240
200512	5	27
200512	6	5
200512	8	3
200512	10	234
200512	11	1
200512	12	4
200512	14	4637
200512	100	74
200512	101	2
200601	0	38264
200601	1	2461
200601	2	201
200601	3	110
200601	4	165
200601	5	24
200601	6	7
200601	10	1
200601	12	15
200601	14	2263
200601	100	173
200602	0	42208
200602	1	455
200602	2	205
200602	3	79
200602	4	144
200602	5	9
200602	6	12
200602	8	1
200602	10	1
200602	11	3
200602	12	1
200602	14	1438
200602	15	1
200602	100	41
200602	101	3
200603	0	65823
200603	1	369
200603	2	338
200603	3	184
200603	4	164
200603	5	16
200603	6	5
200603	8	4
200603	10	3
200603	12	3
200603	13	1
200603	14	4319
200603	15	3
200603	100	30
200603	101	6
200604	0	20399
200604	1	26
200604	2	131
200604	3	49
200604	4	49
200604	5	22
200604	6	6
200604	8	1
200604	9	2
200604	10	1
200604	12	4
200604	14	455
200604	100	10
200605	0	23635
200605	1	29
200605	2	139
200605	3	2777
200605	4	75
200605	5	25
200605	6	3
200605	10	2
200605	12	6
200605	14	37
200605	100	11
200605	101	8
200606	0	97338
200606	1	15
200606	2	204
200606	3	84
200606	4	88
200606	5	29
200606	6	2
200606	10	6
200606	12	3
200606	14	3362
200606	100	5
200606	101	1
200607	0	71251
200607	1	6
200607	2	258
200607	3	104
200607	4	160
200607	5	54
200607	6	5
200607	8	1
200607	10	3
200607	14	1285
200607	100	19
200607	101	1
200608	0	53691
200608	1	7
200608	2	332
200608	3	201
200608	4	59
200608	5	33
200608	6	13
200608	8	1
200608	10	5
200608	14	5960
200608	100	11
200608	101	1
200609	0	33896
200609	1	10
200609	2	213
200609	3	2156
200609	4	74
200609	5	10
200609	10	8
200609	12	3
200609	13	1
200609	14	10914
200609	100	31
200610	0	38023
200610	1	16
200610	2	287
200610	3	646
200610	4	87
200610	5	10
200610	6	2
200610	8	13
200610	10	9
200610	11	1
200610	12	4
200610	14	8995
200610	100	17
200610	101	1
200611	0	51233
200611	1	3654
200611	2	490
200611	3	334
200611	4	126
200611	5	13
200611	6	4
200611	10	12
200611	12	5
200611	14	5511
200611	15	2
200611	100	16
200611	101	2
200612	0	90486
200612	1	13
200612	2	282
200612	3	113
200612	4	155
200612	5	24
200612	10	4
200612	11	1
200612	12	3
200612	14	8799
200612	100	324
200701	0	92866
200701	1	1368
200701	2	448
200701	3	205
200701	4	60
200701	5	11
200701	6	2
200701	7	1
200701	10	7
200701	12	5
200701	14	4302
200701	100	13
200701	101	1
200702	0	61306
200702	1	37
200702	2	263
200702	3	146
200702	4	107
200702	5	12
200702	6	23
200702	7	1
200702	10	15
200702	11	1
200702	12	5
200702	13	2
200702	14	7160
200702	15	6
200702	100	165
200702	101	8
200703	0	107227
200703	1	620
200703	2	308
200703	3	241
200703	4	79
200703	5	8
200703	6	7
200703	9	1
200703	10	24
200703	11	1
200703	12	8
200703	14	13898
200703	100	50
200703	101	1
200704	0	66639
200704	1	6
200704	2	299
200704	3	157
200704	4	68
200704	5	7
200704	6	3
200704	10	20
200704	14	12343
200704	100	17
200705	0	85379
200705	1	12
200705	2	481
200705	3	139
200705	4	90
200705	5	18
200705	6	9
200705	10	27
200705	11	2
200705	12	2
200705	14	11654
200705	100	51
200705	101	4
200706	0	77181
200706	1	42
200706	2	340
200706	3	624
200706	4	84
200706	5	3
200706	6	2
200706	10	35
200706	12	1
200706	14	2872
200706	100	15
200707	0	72829
200707	1	15
200707	2	354
200707	3	826
200707	4	466
200707	5	12
200707	6	796
200707	10	52
200707	12	5
200707	14	4904
200707	15	2
200707	100	20
200708	0	58259
200708	1	37
200708	2	470
200708	3	622
200708	4	369
200708	5	18
200708	6	388
200708	10	247
200708	11	1
200708	14	4250
200708	100	69
200708	101	4
200709	0	93944
200709	1	1
200709	2	348
200709	3	526
200709	4	429
200709	5	11
200709	6	1
200709	10	86
200709	12	3
200709	14	6686
200709	100	59
200709	101	3
200710	0	86002
200710	1	15
200710	2	723
200710	3	457
200710	4	371
200710	5	10
200710	6	3
200710	10	336
200710	11	20
200710	12	2
200710	14	3940
200710	100	24
200711	0	71318
200711	1	15
200711	2	418
200711	3	186
200711	4	829
200711	5	18
200711	6	3
200711	10	120
200711	12	7
200711	14	13319
200711	100	96
200711	101	27
200712	0	69841
200712	1	1
200712	2	330
200712	3	396
200712	4	1152
200712	5	23
200712	6	1
200712	10	36
200712	14	5581
200712	100	103
200712	101	40
200801	0	76875
200801	1	392
200801	2	475
200801	3	515
200801	4	1436
200801	5	33
200801	6	12
200801	10	62
200801	12	5
200801	14	4109
200801	100	193
200801	101	37
200802	0	82800
200802	1	36
200802	2	1809
200802	3	236
200802	4	1191
200802	5	35
200802	10	78
200802	11	4
200802	12	1
200802	13	2
200802	14	5678
200802	100	109
200802	101	43
200803	0	77259
200803	1	43
200803	2	406
200803	3	219
200803	4	1427
200803	5	31
200803	6	75
200803	10	54
200803	11	2
200803	12	83
200803	13	2
200803	14	10286
200803	100	547
200803	101	121
200804	0	72932
200804	1	1640
200804	2	614
200804	3	308
200804	4	1628
200804	5	53
200804	6	2
200804	10	405
200804	11	10
200804	12	3
200804	13	6
200804	14	7231
200804	100	135
200804	101	95
200805	0	96680
200805	1	1302
200805	2	707
200805	3	3904
200805	4	2582
200805	5	107
200805	6	5
200805	9	4
200805	10	307
200805	11	4
200805	12	5
200805	13	69
200805	14	8676
200805	100	189
200805	101	107
200806	0	96364
200806	1	934
200806	2	569
200806	3	1869
200806	4	1483
200806	5	74
200806	6	3
200806	10	36
200806	11	2
200806	12	8
200806	14	18070
200806	100	147
200806	101	88
200807	0	78810
200807	1	31
200807	2	508
200807	3	402
200807	4	1540
200807	5	77
200807	6	1
200807	10	44
200807	12	4
200807	14	6186
200807	100	139
200807	101	109
200808	0	109935
200808	1	600
200808	2	587
200808	3	447
200808	4	1503
200808	5	125
200808	6	3
200808	8	1
200808	9	1
200808	10	22
200808	11	1
200808	12	11
200808	14	9800
200808	100	198
200808	101	110
200809	0	83003
200809	1	960
200809	2	495
200809	3	417
200809	4	2069
200809	5	134
200809	6	2100
200809	10	10
200809	13	3
200809	14	8817
200809	100	140
200809	101	92
200810	0	87280
200810	1	1506
200810	2	473
200810	3	520
200810	4	2005
200810	5	121
200810	6	2
200810	9	6
200810	10	37
200810	11	4
200810	12	2
200810	13	3
200810	14	16030
200810	100	182
200810	101	100
200811	0	95662
200811	1	75
200811	2	574
200811	3	614
200811	4	2410
200811	5	124
200811	6	1
200811	10	41
200811	12	12
200811	14	13046
200811	100	449
200811	101	99
200812	0	94404
200812	1	76
200812	2	658
200812	3	718
200812	4	2737
200812	5	114
200812	6	33
200812	9	4
200812	10	448
200812	12	6
200812	13	3
200812	14	7282
200812	100	647
200812	101	92
200901	0	91967
200901	1	130
200901	2	591
200901	3	723
200901	4	3056
200901	5	187
200901	6	1
200901	10	319
200901	11	11
200901	12	25
200901	14	12063
200901	100	749
200901	101	161
200902	0	74618
200902	1	725
200902	2	1503
200902	3	672
200902	4	2929
200902	5	280
200902	10	156
200902	11	8
200902	13	3
200902	14	10811
200902	100	1036
200902	101	155
200903	0	79008
200903	1	3598
200903	2	713
200903	3	740
200903	4	3770
200903	5	209
200903	6	4
200903	8	1
200903	9	4
200903	10	156
200903	11	5
200903	12	15
200903	14	12628
200903	100	1497
200903	101	143
200904	0	82474
200904	1	112
200904	2	852
200904	3	746
200904	4	3355
200904	5	174
200904	6	92
200904	10	111
200904	11	2
200904	12	7
200904	14	8694
200904	100	1298
200904	101	115
200905	0	86005
200905	1	320
200905	2	738
200905	3	848
200905	4	3827
200905	5	223
200905	6	3
200905	9	2
200905	10	639
200905	11	1
200905	12	27
200905	13	4
200905	14	11803
200905	15	1
200905	100	1561
200905	101	108
200906	0	79282
200906	1	283
200906	2	916
200906	3	917
200906	4	3829
200906	5	213
200906	6	3
200906	9	6
200906	10	1822
200906	12	7
200906	14	8040
200906	100	1497
200906	101	82
200907	0	86677
200907	1	310
200907	2	947
200907	3	828
200907	4	4043
200907	5	215
200907	6	60
200907	9	10
200907	10	98
200907	11	4
200907	12	2
200907	14	5889
200907	100	1666
200907	101	105
200908	0	105784
200908	1	424
200908	2	1207
200908	3	990
200908	4	4422
200908	5	202
200908	6	1
200908	9	4
200908	10	445
200908	11	2
200908	12	2
200908	13	2
200908	14	8474
200908	15	1
200908	100	1934
200908	101	109
200909	0	89300
200909	1	393
200909	2	1294
200909	3	781
200909	4	4412
200909	5	188
200909	6	4
200909	9	2
200909	10	89
200909	11	2
200909	12	3
200909	13	1
200909	14	7826
200909	100	2319
200909	101	94
200910	0	87297
200910	1	2584
200910	2	1107
200910	3	684
200910	4	4044
200910	5	161
200910	6	4
200910	9	2
200910	10	81
200910	11	2
200910	12	9
200910	13	1
200910	14	8184
200910	15	1
200910	100	2031
200910	101	98
200911	0	78695
200911	1	177
200911	2	1215
200911	3	722
200911	4	5008
200911	5	236
200911	6	454
200911	10	237
200911	11	6
200911	12	3
200911	13	2
200911	14	8576
200911	100	2456
200911	101	95
200912	0	87522
200912	1	128
200912	2	1379
200912	3	717
200912	4	6162
200912	5	207
200912	6	2890
200912	10	681
200912	11	2
200912	12	44
200912	13	3
200912	14	26134
200912	100	2608
200912	101	105
201001	0	111263
201001	1	360
201001	2	2078
201001	3	1148
201001	4	7447
201001	5	272
201001	6	6
201001	10	285
201001	11	8
201001	14	9649
201001	15	7
201001	100	3645
201001	101	152
201002	0	95324
201002	1	205
201002	2	1512
201002	3	715
201002	4	6531
201002	5	242
201002	6	10
201002	10	286
201002	11	6
201002	12	4
201002	14	16075
201002	15	4
201002	100	3420
201002	101	125
201003	0	83233
201003	1	150
201003	2	2371
201003	3	864
201003	4	6767
201003	5	281
201003	6	5
201003	7	1
201003	9	2
201003	10	681
201003	11	14
201003	12	7
201003	14	19100
201003	100	3495
201003	101	130
201004	0	89854
201004	1	120
201004	2	1498
201004	3	825
201004	4	6508
201004	5	246
201004	6	5
201004	9	4
201004	10	208
201004	11	11
201004	12	15
201004	14	12902
201004	100	3920
201004	101	147
201005	0	85722
201005	1	285
201005	2	3286
201005	3	878
201005	4	8133
201005	5	239
201005	9	4
201005	10	368
201005	11	3
201005	12	15
201005	14	11986
201005	100	6322
201005	101	165
201006	0	98363
201006	1	98
201006	2	3501
201006	3	1067
201006	4	9403
201006	5	254
201006	6	1
201006	9	10
201006	10	270
201006	11	6
201006	12	5
201006	14	11398
201006	100	6582
201006	101	73
201007	0	87364
201007	1	120
201007	2	4013
201007	3	992
201007	4	9309
201007	5	244
201007	9	10
201007	10	617
201007	12	1
201007	13	2
201007	14	8996
201007	100	6964
201007	101	121
201008	0	124171
201008	1	198
201008	2	4606
201008	3	1144
201008	4	9442
201008	5	217
201008	6	1
201008	9	6
201008	10	1572
201008	11	4
201008	14	10307
201008	100	8280
201008	101	110
201009	0	87849
201009	1	122
201009	2	4524
201009	3	1076
201009	4	10577
201009	5	223
201009	6	2
201009	9	2
201009	10	607
201009	11	2
201009	12	2
201009	13	6
201009	14	11464
201009	100	8364
201009	101	93
201010	0	92242
201010	1	106
201010	2	5423
201010	3	1288
201010	4	10490
201010	5	245
201010	10	648
201010	11	3
201010	12	10
201010	14	13563
201010	100	9004
201010	101	126
201011	0	88507
201011	1	171
201011	2	5250
201011	3	1293
201011	4	10531
201011	5	233
201011	6	2
201011	10	660
201011	11	18
201011	12	6
201011	14	15259
201011	100	8520
201011	101	130
201012	0	96866
201012	1	140
201012	2	5319
201012	3	1518
201012	4	10781
201012	5	213
201012	6	251
201012	10	947
201012	12	30
201012	14	9612
201012	100	9857
201012	101	91
201101	0	99376
201101	1	131
201101	2	5613
201101	3	2328
201101	4	12157
201101	5	253
201101	6	2
201101	9	4
201101	10	390
201101	12	29
201101	14	14082
201101	100	10483
201101	101	127
201102	0	87596
201102	1	205
201102	2	5058
201102	3	1921
201102	4	10366
201102	5	215
201102	6	7
201102	9	13
201102	10	645
201102	11	2
201102	12	4
201102	14	10064
201102	100	9214
201102	101	126
201103	0	112501
201103	1	273
201103	2	5628
201103	3	2193
201103	4	12033
201103	5	230
201103	6	5
201103	9	6
201103	10	960
201103	11	13
201103	12	15
201103	14	11130
201103	100	9885
201103	101	91
201104	0	113649
201104	1	228
201104	2	5978
201104	3	2266
201104	4	11700
201104	5	217
201104	6	5
201104	9	2
201104	10	685
201104	11	4
201104	12	16
201104	13	4
201104	14	8682
201104	100	11517
201104	101	102
201105	0	93545
201105	1	209
201105	2	6414
201105	3	2250
201105	4	12285
201105	5	236
201105	6	1
201105	7	1
201105	10	322
201105	11	6
201105	12	1
201105	13	2
201105	14	7926
201105	100	12455
201105	101	73
201106	0	105487
201106	1	195
201106	2	6322
201106	3	2164
201106	4	10806
201106	5	258
201106	6	1
201106	10	494
201106	11	16
201106	12	15
201106	13	2
201106	14	12886
201106	100	10870
201106	101	93
201107	0	106392
201107	1	193
201107	2	6983
201107	3	2393
201107	4	11171
201107	5	227
201107	6	19
201107	10	250
201107	11	9
201107	12	22
201107	13	2
201107	14	8453
201107	100	11496
201107	101	112
201108	0	96328
201108	1	107
201108	2	7013
201108	3	3204
201108	4	10306
201108	5	238
201108	6	1174
201108	9	2
201108	10	1000
201108	11	5
201108	12	10
201108	14	18994
201108	100	11915
201108	101	91
201109	0	93036
201109	1	205
201109	2	7523
201109	3	2650
201109	4	11956
201109	5	243
201109	6	2
201109	9	2
201109	10	1116
201109	11	7
201109	12	46
201109	13	2
201109	14	9128
201109	100	13171
201109	101	87
201110	0	95284
201110	1	124
201110	2	7267
201110	3	2474
201110	4	10850
201110	5	206
201110	6	6
201110	9	8
201110	10	1694
201110	11	2
201110	12	5
201110	13	2
201110	14	15049
201110	100	12548
201110	101	116
201111	0	87539
201111	1	2305
201111	2	8812
201111	3	2576
201111	4	10890
201111	5	250
201111	6	3
201111	9	8
201111	10	745
201111	11	11
201111	12	8
201111	13	2
201111	14	10964
201111	100	11067
201111	101	104
201112	0	103479
201112	1	708
201112	2	7725
201112	3	3207
201112	4	10307
201112	5	293
201112	6	77
201112	9	4
201112	10	1086
201112	11	16
201112	12	15
201112	13	5
201112	14	18692
201112	100	11633
201112	101	129
201201	0	102680
201201	1	576
201201	2	8142
201201	3	2996
201201	4	10278
201201	5	302
201201	6	826
201201	9	12
201201	10	1268
201201	11	8
201201	12	8
201201	13	2
201201	14	15195
201201	100	11822
201201	101	129
201202	0	87054
201202	1	784
201202	2	7296
201202	3	2708
201202	4	10191
201202	5	259
201202	6	1022
201202	9	10
201202	10	1993
201202	11	14
201202	12	24
201202	13	6
201202	14	9834
201202	100	11388
201202	101	158
201203	0	93105
201203	1	583
201203	2	8644
201203	3	2855
201203	4	11932
201203	5	277
201203	6	413
201203	9	10
201203	10	2249
201203	11	20
201203	12	18
201203	13	6
201203	14	12155
201203	15	2
201203	100	14880
201203	101	122
201204	0	107515
201204	1	673
201204	2	8337
201204	3	2498
201204	4	11523
201204	5	220
201204	6	15
201204	9	6
201204	10	2960
201204	11	16
201204	12	27
201204	13	10
201204	14	11584
201204	100	15091
201204	101	116
201205	0	122419
201205	1	575
201205	2	8468
201205	3	2921
201205	4	11666
201205	5	284
201205	6	163
201205	9	6
201205	10	4584
201205	11	10
201205	12	14
201205	14	16962
201205	100	13408
201205	101	126
201206	0	102931
201206	1	454
201206	2	8144
201206	3	2864
201206	4	10798
201206	5	215
201206	6	136
201206	9	17
201206	10	4528
201206	11	4
201206	12	10
201206	14	11961
201206	100	12010
201206	101	89
201207	0	132425
201207	1	605
201207	2	9903
201207	3	4107
201207	4	13819
201207	5	241
201207	6	64
201207	9	9
201207	10	3517
201207	11	8
201207	12	8
201207	14	15538
201207	100	16157
201207	101	138
201208	0	131765
201208	1	34934
201208	2	10267
201208	3	3439
201208	4	14942
201208	5	257
201208	6	77
201208	9	2
201208	10	3158
201208	11	5
201208	12	6
201208	13	10
201208	14	12411
201208	100	17502
201208	101	122
201209	0	105713
201209	1	64590
201209	2	9554
201209	3	3984
201209	4	14793
201209	5	246
201209	6	112
201209	9	6
201209	10	2116
201209	11	2
201209	12	27
201209	13	3
201209	14	10411
201209	100	15097
201209	101	98
201210	0	116339
201210	1	42368
201210	2	9662
201210	3	5054
201210	4	14937
201210	5	467
201210	6	184
201210	9	9
201210	10	3114
201210	11	43
201210	12	20
201210	13	10
201210	14	15969
201210	100	14759
201210	101	187
201211	0	102096
201211	1	1736
201211	2	9115
201211	3	3308
201211	4	14877
201211	5	287
201211	6	83
201211	9	9
201211	10	1832
201211	11	15
201211	12	17
201211	13	11
201211	14	13102
201211	100	15524
201211	101	179
201212	0	116597
201212	1	571
201212	2	10046
201212	3	3810
201212	4	14738
201212	5	217
201212	6	82
201212	9	6
201212	10	1524
201212	11	6
201212	12	5
201212	13	6
201212	14	12558
201212	100	14691
201212	101	109
201301	0	107976
201301	1	607
201301	2	10265
201301	3	4432
201301	4	13761
201301	5	284
201301	6	285
201301	9	2
201301	10	1340
201301	11	17
201301	12	14
201301	13	4
201301	14	18936
201301	100	12047
201301	101	140
201302	0	103571
201302	1	430
201302	2	9159
201302	3	2869
201302	4	12772
201302	5	248
201302	6	544
201302	9	2
201302	10	1658
201302	11	19
201302	12	17
201302	13	18
201302	14	14406
201302	100	12709
201302	101	111
201303	0	423300
201303	1	594
201303	2	10560
201303	3	3755
201303	4	12829
201303	5	275
201303	6	134
201303	9	4
201303	10	690
201303	11	14
201303	12	15
201303	13	11
201303	14	19604
201303	100	13406
201303	101	111
201304	0	552892
201304	1	496
201304	2	9250
201304	3	3787
201304	4	12111
201304	5	212
201304	6	157
201304	10	4699
201304	11	8
201304	12	71
201304	13	4
201304	14	70243
201304	100	12358
201304	101	118
201305	0	15977
201305	1	305
201305	2	8510
201305	3	3538
201305	4	11006
201305	5	238
201305	6	112
201305	9	4
201305	10	1807
201305	11	7
201305	12	13
201305	13	6
201305	14	523
201305	100	11562
201305	101	71
201306	0	17178
201306	1	346
201306	2	11377
201306	3	4631
201306	4	13091
201306	5	219
201306	6	110
201306	9	17
201306	10	658
201306	11	8
201306	12	6
201306	13	6
201306	14	179
201306	100	14191
201306	101	94
201307	0	14301
201307	1	629
201307	2	11329
201307	3	4282
201307	4	13782
201307	5	249
201307	6	75
201307	9	2
201307	10	1724
201307	11	16
201307	12	19
201307	13	2
201307	14	300
201307	100	16018
201307	101	119
201308	0	7562
201308	1	604
201308	2	11057
201308	3	4537
201308	4	12768
201308	5	271
201308	6	99
201308	9	4
201308	10	1790
201308	11	22
201308	12	5
201308	13	2
201308	14	161
201308	100	12936
201308	101	116
201309	0	5437
201309	1	756
201309	2	12450
201309	3	4533
201309	4	13227
201309	5	271
201309	6	108
201309	9	2
201309	10	202
201309	11	2
201309	12	2
201309	13	6
201309	14	1
201309	100	14736
201309	101	98
201310	0	17129
201310	1	778
201310	2	12580
201310	3	4016
201310	4	10421
201310	5	247
201310	6	82
201310	9	2
201310	10	192
201310	11	12
201310	13	4
201310	14	1
201310	100	11129
201310	101	148
201311	0	20645
201311	1	540
201311	2	12374
201311	3	4564
201311	4	11856
201311	5	311
201311	6	78
201311	9	6
201311	10	218
201311	11	11
201311	12	1
201311	14	2
201311	100	10247
201311	101	115
201312	0	15499
201312	1	669
201312	2	9894
201312	3	4955
201312	4	12716
201312	5	375
201312	6	183
201312	9	3
201312	10	191
201312	11	30
201312	12	1
201312	13	8
201312	14	34
201312	100	10225
201312	101	103
201401	0	16321
201401	1	699
201401	2	9874
201401	3	4489
201401	4	13074
201401	5	405
201401	6	91
201401	10	212
201401	11	49
201401	13	6
201401	14	4
201401	100	9546
201401	101	176
201402	0	14497
201402	1	1930
201402	2	10649
201402	3	6250
201402	4	11792
201402	5	587
201402	6	99
201402	10	190
201402	11	57
201402	12	5
201402	13	30
201402	14	1
201402	100	11563
201402	101	218
201402	829	1
201403	0	9373
201403	1	1144
201403	2	16288
201403	3	5448
201403	4	15354
201403	5	539
201403	6	90
201403	9	2
201403	10	2145
201403	11	45
201403	12	1
201403	13	6
201403	14	1
201403	15	2
201403	100	15830
201403	101	161
201404	0	14857
201404	1	2062
201404	2	10696
201404	3	5639
201404	4	13671
201404	5	650
201404	6	85
201404	9	4
201404	10	157
201404	11	64
201404	12	2
201404	13	20
201404	14	1
201404	100	11418
201404	101	278
201405	0	24964
201405	1	704
201405	2	11907
201405	3	4243
201405	4	12809
201405	5	440
201405	6	63
201405	9	2
201405	10	162
201405	11	71
201405	13	6
201405	14	355
201405	100	11813
201405	101	114
201406	0	20689
201406	1	689
201406	2	12393
201406	3	4525
201406	4	11589
201406	5	343
201406	6	65
201406	9	2
201406	10	82
201406	11	47
201406	13	6
201406	14	7
201406	100	12134
201406	101	100
201407	0	23872
201407	1	835
201407	2	13557
201407	3	4597
201407	4	14037
201407	5	372
201407	6	58
201407	10	112
201407	11	44
201407	12	1
201407	13	6
201407	14	3
201407	100	15758
201407	101	111
201408	0	17585
201408	1	451
201408	2	12792
201408	3	3247
201408	4	12300
201408	5	327
201408	6	39
201408	9	4
201408	10	123
201408	11	33
201408	12	2
201408	13	4
201408	14	4
201408	100	15441
201408	101	110
201409	0	57239
201409	1	4069
201409	2	12767
201409	3	3709
201409	4	13409
201409	5	324
201409	6	32
201409	10	116
201409	11	44
201409	13	1
201409	14	4
201409	100	16444
201409	101	114
201410	0	30618
201410	1	910
201410	2	14478
201410	3	4992
201410	4	16294
201410	5	443
201410	6	25
201410	8	2
201410	9	7
201410	10	142
201410	11	43
201410	12	2
201410	13	5
201410	14	83
201410	100	19162
201410	101	166
201410	829	1
201411	0	18454
201411	1	1602
201411	2	20738
201411	3	7460
201411	4	17351
201411	5	592
201411	6	488
201411	10	188
201411	11	62
201411	12	1
201411	13	1
201411	14	4
201411	100	19827
201411	101	319
201412	0	18649
201412	1	1023
201412	2	14767
201412	3	4602
201412	4	15859
201412	5	442
201412	6	73
201412	9	5
201412	10	212
201412	11	49
201412	13	6
201412	14	3
201412	100	18861
201412	101	129
201501	0	24739
201501	1	989
201501	2	19718
201501	3	4627
201501	4	17865
201501	5	396
201501	6	69
201501	10	245
201501	11	49
201501	13	2
201501	14	14
201501	100	21454
201501	101	170
201502	0	15173
201502	1	927
201502	2	12735
201502	3	5298
201502	4	14924
201502	5	383
201502	6	86
201502	9	2
201502	10	244
201502	11	31
201502	12	1
201502	13	3
201502	14	9
201502	15	2
201502	100	16592
201502	101	154
201503	0	20412
201503	1	1645
201503	2	12290
201503	3	146986
201503	4	14174
201503	5	402
201503	6	58
201503	9	5
201503	10	215
201503	11	52
201503	13	6
201503	14	26
201503	100	10350
201503	101	158
201504	0	8592
201504	1	784
201504	2	29644
201504	3	286857
201504	4	18405
201504	5	422
201504	6	4665
201504	9	2
201504	10	239
201504	11	48
201504	13	4
201504	14	32
201504	100	16912
201504	101	144
201505	0	32702
201505	1	692
201505	2	16395
201505	3	5957
201505	4	16589
201505	5	397
201505	6	55
201505	7	1
201505	10	322
201505	11	44
201505	13	2
201505	14	28
201505	15	2
201505	100	17900
201505	101	104
201506	0	12160
201506	1	1174
201506	2	11433
201506	3	5051
201506	4	15958
201506	5	313
201506	6	59
201506	9	2
201506	10	241
201506	11	44
201506	12	1
201506	13	4
201506	14	53
201506	100	17033
201506	101	108
201507	0	43798
201507	1	2293
201507	2	9601
201507	3	8008
201507	4	16684
201507	5	655
201507	6	154
201507	9	4
201507	10	236
201507	11	72
201507	13	20
201507	14	72
201507	15	4
201507	100	20195
201507	101	275
201508	0	75548
201508	1	3131
201508	2	11332
201508	3	8809
201508	4	18740
201508	5	720
201508	6	42
201508	9	8
201508	10	283
201508	11	92
201508	13	26
201508	14	75
201508	100	24839
201508	101	375
201509	0	28441
201509	1	2207
201509	2	9476
201509	3	7959
201509	4	19709
201509	5	742
201509	6	47
201509	10	384
201509	11	74
201509	12	8
201509	13	23
201509	14	301
201509	100	25255
201509	101	322
201510	0	28155
201510	1	2200
201510	2	14703
201510	3	8548
201510	4	20193
201510	5	725
201510	6	32
201510	10	227
201510	11	81
201510	13	18
201510	14	50
201510	15	2
201510	100	26718
201510	101	371
201511	0	26355
201511	1	20744
201511	2	15992
201511	3	8848
201511	4	19700
201511	5	666
201511	6	30
201511	10	504
201511	11	63
201511	13	32
201511	14	60
201511	100	24461
201511	101	383
201512	0	26961
201512	1	91633
201512	2	17173
201512	3	7510
201512	4	21099
201512	5	739
201512	6	11
201512	10	521
201512	11	81
201512	13	32
201512	14	88
201512	100	23741
201512	101	311
201601	0	42353
201601	1	122599
201601	2	17248
201601	3	9965
201601	4	17391
201601	5	695
201601	6	23
201601	10	381
201601	11	70
201601	12	2
201601	13	22
201601	14	73
201601	100	15034
201601	101	316
201602	0	31390
201602	1	85251
201602	2	17513
201602	3	7312
201602	4	18301
201602	5	741
201602	6	28
201602	9	6
201602	10	531
201602	11	58
201602	12	1
201602	13	10
201602	14	76
201602	15	2
201602	100	18657
201602	101	333
201603	0	32652
201603	1	2825
201603	2	17069
201603	3	7730
201603	4	18788
201603	5	804
201603	6	6
201603	10	369
201603	11	42
201603	13	28
201603	14	78
201603	100	22024
201603	101	323
201604	0	37232
201604	1	4693
201604	2	17558
201604	3	8579
201604	4	19224
201604	5	697
201604	6	26
201604	9	18
201604	10	506
201604	11	53
201604	12	1
201604	13	42
201604	14	262
201604	15	4
201604	100	21722
201604	101	325
201605	0	22845
201605	1	2519
201605	2	17542
201605	3	8757
201605	4	17696
201605	5	710
201605	6	108
201605	9	8
201605	10	509
201605	11	56
201605	13	24
201605	14	84
201605	100	20080
201605	101	325
201606	0	17788
201606	1	2187
201606	2	28780
201606	3	10859
201606	4	18712
201606	5	655
201606	6	48
201606	10	488
201606	11	50
201606	12	1
201606	13	28
201606	14	78
201606	100	22054
201606	101	243
201607	0	17789
201607	1	14259
201607	2	10579
201607	3	11894
201607	4	12249
201607	5	761
201607	6	90
201607	7	1
201607	9	10
201607	10	1072
201607	11	96
201607	12	1
201607	13	48
201607	14	67
201607	15	10
201607	100	9575
201607	101	356
201607	828	12
201607	829	1
201608	0	17686
201608	1	26799
201608	2	6607
201608	3	7430
201608	4	7228
201608	5	577
201608	6	25
201608	10	324
201608	11	32
201608	13	10
201608	14	63
201608	100	1740
201608	101	262
201608	828	5
201609	0	13940
201609	1	2118
201609	2	6956
201609	3	8403
201609	4	8130
201609	5	575
201609	6	5
201609	10	296
201609	11	34
201609	13	15
201609	14	40
201609	100	1731
201609	101	273
201609	828	5
201610	0	34023
201610	1	2078
201610	2	7325
201610	3	8025
201610	4	7896
201610	5	583
201610	6	19
201610	9	2
201610	10	449
201610	11	35
201610	13	30
201610	14	86
201610	100	1766
201610	101	340
201610	828	10
201611	0	72973
201611	1	4109
201611	2	8883
201611	3	7050
201611	4	7881
201611	5	626
201611	6	53
201611	10	415
201611	11	55
201611	13	28
201611	14	98
201611	100	1789
201611	101	297
201612	0	48933
201612	1	1884
201612	2	12779
201612	3	7118
201612	4	7896
201612	5	615
201612	6	28
201612	9	2
201612	10	412
201612	11	72
201612	12	5
201612	13	25
201612	14	69
201612	15	2
201612	100	1789
201612	101	310
201612	828	11
201701	0	44163
201701	1	2283
201701	2	11723
201701	3	8906
201701	4	8592
201701	5	654
201701	6	50
201701	10	395
201701	11	52
201701	12	4
201701	13	8
201701	14	71
201701	100	1944
201701	101	397
201701	828	5
201702	0	17896
201702	1	2447
201702	2	13036
201702	3	7507
201702	4	8133
201702	5	718
201702	6	41
201702	10	455
201702	11	44
201702	12	5
201702	13	39
201702	14	58
201702	100	1753
201702	101	336
201702	828	5
201703	0	16732
201703	1	2750
201703	2	11094
201703	3	8258
201703	4	9380
201703	5	720
201703	6	44
201703	9	9
201703	10	270
201703	11	70
201703	13	26
201703	14	70
201703	15	1
201703	100	1927
201703	101	352
201703	828	5
201704	0	20624
201704	1	1657
201704	2	10524
201704	3	6006
201704	4	7081
201704	5	632
201704	6	484
201704	10	424
201704	11	32
201704	13	10
201704	14	76
201704	100	1661
201704	101	272
